iso,fuel,X1850,X1851,X1852,X1853,X1854,X1855,X1856,X1857,X1858,X1859,X1860,X1861,X1862,X1863,X1864,X1865,X1866,X1867,X1868,X1869,X1870,X1871,X1872,X1873,X1874,X1875,X1876,X1877,X1878,X1879,X1880,X1881,X1882,X1883,X1884,X1885,X1886,X1887,X1888,X1889,X1890,X1891,X1892,X1893,X1894,X1895,X1896,X1897,X1898,X1899,X1900,X1901,X1902,X1903,X1904,X1905,X1906,X1907,X1908,X1909,X1910,X1911,X1912,X1913,X1914,X1915,X1916,X1917,X1918,X1919,X1920,X1921,X1922,X1923,X1924,X1925,X1926,X1927,X1928,X1929,X1930,X1931,X1932,X1933,X1934,X1935,X1936,X1937,X1938,X1939,X1940,X1941,X1942,X1943,X1944,X1945,X1946,X1947,X1948,X1949,X1950,X1951,X1952,X1953,X1954,X1955,X1956,X1957,X1958,X1959,X1960,X1961,X1962,X1963,X1964,X1965,X1966,X1967,X1968,X1969,X1970,X1971,X1972,X1973,X1974,X1975,X1976,X1977,X1978,X1979,X1980,X1981,X1982,X1983,X1984,X1985,X1986,X1987,X1988,X1989,X1990,X1991,X1992,X1993,X1994,X1995,X1996,X1997,X1998,X1999,X2000
ago,biomass,20,NA,NA,NA,NA,21,NA,NA,NA,NA,21,NA,NA,NA,NA,21,NA,NA,NA,NA,22,NA,NA,NA,NA,24,NA,NA,NA,NA,26,NA,NA,NA,NA,29,NA,NA,NA,NA,32,NA,NA,NA,NA,35,NA,NA,NA,NA,39,NA,NA,NA,NA,43,NA,NA,NA,NA,47,NA,NA,NA,NA,54,NA,NA,NA,NA,64,NA,NA,NA,NA,76,NA,NA,NA,NA,89,NA,NA,NA,NA,102,NA,NA,NA,NA,116,NA,NA,NA,NA,132,NA,NA,NA,NA,151,NA,NA,NA,NA,143,NA,NA,NA,NA,102,NA,NA,NA,NA,70,NA,NA,NA,NA,307,NA,NA,NA,NA,147,NA,NA,NA,NA,57,NA,NA,NA,NA,113,NA,NA,NA,NA,249,NA,NA,NA,NA,255,NA,NA,NA,NA,294
alb,biomass,72.3,NA,NA,NA,NA,75.3,NA,NA,NA,NA,78.4,NA,NA,NA,NA,81.6,NA,NA,NA,NA,85.7,NA,NA,NA,NA,96.6,NA,NA,NA,NA,108.8,NA,NA,NA,NA,122.7,NA,NA,NA,NA,138.3,NA,NA,NA,NA,155.4,NA,NA,NA,NA,174.6,NA,NA,NA,NA,194.8,NA,NA,NA,NA,217.3,NA,NA,NA,NA,238.3,NA,NA,NA,NA,255.1,NA,NA,NA,NA,270.6,NA,NA,NA,NA,282.7,NA,NA,NA,NA,292.6,NA,NA,NA,NA,299.5,NA,NA,NA,NA,278.1,NA,NA,NA,NA,225.6,NA,NA,NA,NA,201.4,NA,NA,NA,NA,173.8,NA,NA,NA,NA,132.3,NA,NA,NA,NA,105.4,NA,NA,NA,NA,43.8,NA,NA,NA,NA,113.7,NA,NA,NA,NA,90,NA,NA,NA,NA,94.1,NA,NA,NA,NA,30.4,NA,NA,NA,NA,30.8
arg,biomass,167,NA,NA,NA,NA,221.3,NA,NA,NA,NA,293.4,NA,NA,NA,NA,388.9,NA,NA,NA,NA,515.4,NA,NA,NA,NA,683.2,NA,NA,NA,NA,905.5,NA,NA,NA,NA,1200.2,NA,NA,NA,NA,1590.8,NA,NA,NA,NA,2122.4,NA,NA,NA,NA,2831.6,NA,NA,NA,NA,4271.5,NA,NA,NA,NA,5071.2,NA,NA,NA,NA,4060.5,NA,NA,NA,NA,3481.5,NA,NA,NA,NA,3170.8,NA,NA,NA,NA,2632.1,NA,NA,NA,NA,2094.6,NA,NA,NA,NA,1989.9,NA,NA,NA,NA,2029,NA,NA,NA,NA,2421.4,NA,NA,NA,NA,2925,NA,NA,NA,NA,3090.5,NA,NA,NA,NA,3670.6,NA,NA,NA,NA,7605.5,NA,NA,NA,NA,8988.1,NA,NA,NA,NA,5314.5,NA,NA,NA,NA,5067.1,NA,NA,NA,NA,3946.8,NA,NA,NA,NA,6696.8,NA,NA,NA,NA,7795.3
atg,biomass,NA,NA,NA,NA,NA,NA,NA,NA,NA,NA,NA,NA,NA,NA,NA,NA,NA,NA,NA,NA,NA,NA,NA,NA,NA,NA,NA,NA,NA,NA,NA,NA,NA,NA,NA,NA,NA,NA,NA,NA,NA,NA,NA,NA,NA,NA,NA,NA,NA,NA,NA,NA,NA,NA,NA,NA,NA,NA,NA,NA,NA,NA,NA,NA,NA,NA,NA,NA,NA,NA,NA,NA,NA,NA,NA,NA,NA,NA,NA,NA,NA,NA,NA,NA,NA,NA,NA,NA,NA,NA,NA,NA,NA,NA,NA,NA,NA,NA,NA,NA,NA,NA,NA,NA,NA,NA,NA,NA,NA,NA,NA,NA,NA,NA,NA,NA,NA,NA,NA,NA,16,NA,NA,NA,NA,NA,NA,NA,NA,NA,NA,NA,NA,NA,NA,NA,NA,NA,NA,NA,NA,NA,NA,NA,NA,NA,NA,NA,NA,NA,NA
aus,biomass,1236.8,NA,NA,NA,NA,2216.4,NA,NA,NA,NA,3972.1,NA,NA,NA,NA,4887.1,NA,NA,NA,NA,6013,NA,NA,NA,NA,8026,NA,NA,NA,NA,9744,NA,NA,NA,NA,12128.5,NA,NA,NA,NA,14333.9,NA,NA,NA,NA,12487.6,NA,NA,NA,NA,15538.6,NA,NA,NA,NA,16355.8,NA,NA,NA,NA,17089,NA,NA,NA,NA,12350.3,NA,NA,NA,NA,7781.4,NA,NA,NA,NA,5634.3,NA,NA,NA,NA,3056.9,NA,NA,NA,NA,2493.6,NA,NA,NA,NA,2498.4,NA,NA,NA,NA,2674.5,NA,NA,NA,NA,3036.7,NA,NA,NA,NA,3549.2,NA,NA,NA,NA,4503.8,NA,NA,NA,NA,5103,NA,NA,NA,NA,13236.6,NA,NA,NA,NA,15020,NA,NA,NA,NA,5924.2,NA,NA,NA,NA,5967.3,NA,NA,NA,NA,7087.4,NA,NA,NA,NA,8415.3,NA,NA,NA,NA,12469.9
aut,biomass,NA,NA,NA,NA,NA,NA,NA,NA,NA,NA,NA,NA,NA,NA,NA,NA,NA,NA,NA,NA,NA,NA,NA,NA,NA,NA,NA,NA,NA,NA,NA,NA,NA,NA,NA,NA,NA,NA,NA,NA,NA,NA,NA,NA,NA,NA,NA,NA,NA,NA,NA,NA,NA,NA,NA,NA,NA,NA,NA,NA,NA,NA,NA,NA,NA,NA,NA,NA,NA,NA,90.6,NA,NA,NA,NA,79,NA,NA,NA,NA,73.8,NA,NA,NA,NA,34.2,NA,NA,NA,NA,36.1,NA,NA,NA,NA,12.3,NA,NA,NA,NA,23.4,NA,NA,NA,NA,35.2,NA,NA,NA,NA,47.7,NA,NA,NA,NA,58.4,NA,NA,NA,NA,58.7,NA,NA,NA,NA,124.4,NA,NA,NA,NA,634.1,NA,NA,NA,NA,967.8,NA,NA,NA,NA,1626.2,NA,NA,NA,NA,1441.2,NA,NA,NA,NA,1723.3
bel,biomass,2245.7,NA,NA,NA,NA,2548.2,NA,NA,NA,NA,2744.4,NA,NA,NA,NA,2752.9,NA,NA,NA,NA,3858,NA,NA,NA,NA,3258.5,NA,NA,NA,NA,2629.3,NA,NA,NA,NA,2201.5,NA,NA,NA,NA,1788.7,NA,NA,NA,NA,1426.7,NA,NA,NA,NA,1065.8,NA,NA,NA,NA,845.8,NA,NA,NA,NA,649.8,NA,NA,NA,NA,497,NA,NA,NA,NA,340.5,NA,NA,NA,NA,351.6,NA,NA,NA,NA,348.6,NA,NA,NA,NA,184.2,NA,NA,NA,NA,177.2,NA,NA,NA,NA,150,NA,NA,NA,NA,207.5,NA,NA,NA,NA,232.8,NA,NA,NA,NA,248.4,NA,NA,NA,NA,320.1,NA,NA,NA,NA,457.6,NA,NA,NA,NA,439.7,NA,NA,NA,NA,433.5,NA,NA,NA,NA,399.7,NA,NA,NA,NA,412.6,NA,NA,NA,NA,406.6,NA,NA,NA,NA,540.1
ben,biomass,NA,NA,NA,NA,NA,NA,NA,NA,NA,NA,NA,NA,NA,NA,NA,NA,NA,NA,NA,NA,NA,NA,NA,NA,NA,NA,NA,NA,NA,NA,NA,NA,NA,NA,NA,NA,NA,NA,NA,NA,NA,NA,NA,NA,NA,NA,NA,NA,NA,NA,NA,NA,NA,NA,NA,NA,NA,NA,NA,NA,NA,NA,NA,NA,NA,NA,NA,NA,NA,NA,NA,NA,NA,NA,NA,NA,NA,NA,NA,NA,NA,NA,NA,NA,NA,NA,NA,NA,NA,NA,NA,NA,NA,NA,NA,NA,NA,NA,NA,NA,NA,NA,NA,NA,NA,NA,NA,NA,NA,NA,7,NA,NA,NA,NA,5,NA,NA,NA,NA,3,NA,NA,NA,NA,3,NA,NA,NA,NA,3,NA,NA,NA,NA,3,NA,NA,NA,NA,4,NA,NA,NA,NA,4,NA,NA,NA,NA,14
bgd,biomass,NA,NA,NA,NA,NA,NA,NA,NA,NA,NA,NA,NA,NA,NA,NA,NA,NA,NA,NA,NA,NA,NA,NA,NA,NA,NA,NA,NA,NA,NA,NA,NA,NA,NA,NA,NA,NA,NA,NA,NA,NA,NA,NA,NA,NA,NA,NA,NA,NA,NA,NA,NA,NA,NA,NA,NA,NA,NA,NA,NA,NA,NA,NA,NA,NA,NA,NA,NA,NA,NA,NA,NA,NA,NA,NA,NA,NA,NA,NA,NA,NA,NA,NA,NA,NA,NA,NA,NA,NA,NA,NA,NA,NA,NA,NA,NA,NA,NA,NA,NA,NA,NA,NA,NA,NA,NA,NA,NA,NA,NA,NA,NA,NA,NA,NA,NA,NA,NA,NA,NA,NA,NA,NA,NA,NA,1707,NA,NA,NA,NA,NA,NA,NA,NA,NA,NA,NA,NA,NA,NA,NA,NA,NA,NA,NA,NA,NA,NA,NA,NA,NA
bgr,biomass,115.5,NA,NA,NA,NA,123.2,NA,NA,NA,NA,131.5,NA,NA,NA,NA,140.3,NA,NA,NA,NA,150.9,NA,NA,NA,NA,174.6,NA,NA,NA,NA,202,NA,NA,NA,NA,233.8,NA,NA,NA,NA,270.6,NA,NA,NA,NA,303.2,NA,NA,NA,NA,339.8,NA,NA,NA,NA,394.1,NA,NA,NA,NA,457.1,NA,NA,NA,NA,469.7,NA,NA,NA,NA,396.1,NA,NA,NA,NA,355,NA,NA,NA,NA,519.6,NA,NA,NA,NA,512.1,NA,NA,NA,NA,698.9,NA,NA,NA,NA,431.8,NA,NA,NA,NA,526.4,NA,NA,NA,NA,550.8,NA,NA,NA,NA,426.1,NA,NA,NA,NA,227.9,NA,NA,NA,NA,103,NA,NA,NA,NA,33.1,NA,NA,NA,NA,21.9,NA,NA,NA,NA,26.2,NA,NA,NA,NA,44.8,NA,NA,NA,NA,18.2,NA,NA,NA,NA,60.7
bhs,biomass,NA,NA,NA,NA,NA,NA,NA,NA,NA,NA,NA,NA,NA,NA,NA,NA,NA,NA,NA,NA,NA,NA,NA,NA,NA,NA,NA,NA,NA,NA,NA,NA,NA,NA,NA,NA,NA,NA,NA,NA,NA,NA,NA,NA,NA,NA,NA,NA,NA,NA,NA,NA,NA,NA,NA,NA,NA,NA,NA,NA,NA,NA,NA,NA,NA,NA,NA,NA,NA,NA,NA,NA,NA,NA,NA,NA,NA,NA,NA,NA,NA,NA,NA,NA,NA,NA,NA,NA,NA,NA,NA,NA,NA,NA,NA,NA,NA,NA,NA,NA,NA,NA,NA,NA,NA,NA,NA,NA,NA,NA,NA,NA,NA,NA,NA,NA,NA,NA,NA,NA,62,NA,NA,NA,NA,20,NA,NA,NA,NA,NA,NA,NA,NA,NA,NA,NA,NA,NA,NA,NA,NA,NA,NA,NA,NA,NA,NA,NA,NA,NA
blr,biomass,NA,NA,NA,NA,NA,NA,NA,NA,NA,NA,NA,NA,NA,NA,NA,NA,NA,NA,NA,NA,NA,NA,NA,NA,NA,NA,NA,NA,NA,NA,NA,NA,NA,NA,NA,NA,NA,NA,NA,NA,NA,NA,NA,NA,NA,NA,NA,NA,NA,NA,NA,NA,NA,NA,NA,NA,NA,NA,NA,NA,NA,NA,NA,NA,NA,NA,NA,NA,NA,NA,NA,NA,NA,NA,NA,NA,NA,NA,NA,NA,NA,NA,NA,NA,NA,NA,NA,NA,NA,NA,NA,NA,NA,NA,NA,NA,NA,NA,NA,NA,NA,NA,NA,NA,NA,NA,NA,NA,NA,NA,NA,NA,NA,NA,NA,NA,NA,NA,NA,NA,NA,NA,NA,NA,NA,NA,NA,NA,NA,NA,NA,NA,NA,NA,NA,NA,NA,NA,NA,NA,60.7,NA,NA,NA,NA,24.2,NA,NA,NA,NA,67.2
blz,biomass,NA,NA,NA,NA,NA,NA,NA,NA,NA,NA,NA,NA,NA,NA,NA,NA,NA,NA,NA,NA,NA,NA,NA,NA,NA,NA,NA,NA,NA,NA,NA,NA,NA,NA,NA,NA,NA,NA,NA,NA,NA,NA,NA,NA,NA,NA,NA,NA,NA,NA,NA,NA,NA,NA,NA,NA,NA,NA,NA,NA,NA,NA,NA,NA,NA,NA,NA,NA,NA,NA,NA,NA,NA,NA,NA,NA,NA,NA,NA,NA,NA,NA,NA,NA,NA,NA,NA,NA,NA,NA,NA,NA,NA,NA,NA,NA,NA,NA,NA,NA,NA,NA,NA,NA,NA,NA,NA,NA,NA,NA,NA,NA,NA,NA,NA,NA,NA,NA,NA,NA,228,NA,NA,NA,NA,280,NA,NA,NA,NA,NA,NA,NA,NA,NA,NA,NA,NA,NA,NA,NA,NA,NA,NA,NA,NA,NA,NA,NA,NA,NA
bol,biomass,4.7,NA,NA,NA,NA,6.3,NA,NA,NA,NA,8.3,NA,NA,NA,NA,11,NA,NA,NA,NA,14.6,NA,NA,NA,NA,19.3,NA,NA,NA,NA,25.6,NA,NA,NA,NA,33.9,NA,NA,NA,NA,44.9,NA,NA,NA,NA,59.9,NA,NA,NA,NA,80,NA,NA,NA,NA,121.8,NA,NA,NA,NA,161.5,NA,NA,NA,NA,161.9,NA,NA,NA,NA,190.3,NA,NA,NA,NA,248.8,NA,NA,NA,NA,290,NA,NA,NA,NA,296.3,NA,NA,NA,NA,323.6,NA,NA,NA,NA,350.3,NA,NA,NA,NA,359.1,NA,NA,NA,NA,161.1,NA,NA,NA,NA,59.2,NA,NA,NA,NA,64.3,NA,NA,NA,NA,513.2,NA,NA,NA,NA,882.1,NA,NA,NA,NA,225.3,NA,NA,NA,NA,340,NA,NA,NA,NA,446,NA,NA,NA,NA,758.5,NA,NA,NA,NA,1277.3
bra,biomass,1072.6,NA,NA,NA,NA,1168.5,NA,NA,NA,NA,1273,NA,NA,NA,NA,1386.8,NA,NA,NA,NA,1510.8,NA,NA,NA,NA,1702.6,NA,NA,NA,NA,1918.7,NA,NA,NA,NA,2162.5,NA,NA,NA,NA,2436.9,NA,NA,NA,NA,2707.7,NA,NA,NA,NA,2638.9,NA,NA,NA,NA,3107,NA,NA,NA,NA,3693.8,NA,NA,NA,NA,4258.3,NA,NA,NA,NA,5708.5,NA,NA,NA,NA,6550.8,NA,NA,NA,NA,7355,NA,NA,NA,NA,8593,NA,NA,NA,NA,9863.8,NA,NA,NA,NA,11741.3,NA,NA,NA,NA,15230.4,NA,NA,NA,NA,17747.6,NA,NA,NA,NA,20671.7,NA,NA,NA,NA,19960.8,NA,NA,NA,NA,38742,NA,NA,NA,NA,49308.6,NA,NA,NA,NA,35431.8,NA,NA,NA,NA,51135.8,NA,NA,NA,NA,48778,NA,NA,NA,NA,53237.9,NA,NA,NA,NA,59580.4
brb,biomass,45,NA,NA,NA,NA,50,NA,NA,NA,NA,63.3,NA,NA,NA,NA,70,NA,NA,NA,NA,58.3,NA,NA,NA,NA,96.7,NA,NA,NA,NA,80,NA,NA,NA,NA,90,NA,NA,NA,NA,126.7,NA,NA,NA,NA,56.7,NA,NA,NA,NA,83.3,NA,NA,NA,NA,88.3,NA,NA,NA,NA,53.3,NA,NA,NA,NA,101.7,NA,NA,NA,NA,58.3,NA,NA,NA,NA,91.7,NA,NA,NA,NA,71.7,NA,NA,NA,NA,178.3,NA,NA,NA,NA,126.7,NA,NA,NA,NA,183.3,NA,NA,NA,NA,265,NA,NA,NA,NA,290,NA,NA,NA,NA,260,NA,NA,NA,NA,331.7,NA,NA,NA,NA,783.7,NA,NA,NA,NA,501.3,NA,NA,NA,NA,220,NA,NA,NA,NA,166.7,NA,NA,NA,NA,116.7,NA,NA,NA,NA,71.7,NA,NA,NA,NA,29.2
can,biomass,1923,NA,NA,NA,NA,2339,NA,NA,NA,NA,2844,NA,NA,NA,NA,3257,NA,NA,NA,NA,3729,NA,NA,NA,NA,4227,NA,NA,NA,NA,4627,NA,NA,NA,NA,5354,NA,NA,NA,NA,5758,NA,NA,NA,NA,5038,NA,NA,NA,NA,5152,NA,NA,NA,NA,5372,NA,NA,NA,NA,5234,NA,NA,NA,NA,4477,NA,NA,NA,NA,3269,NA,NA,NA,NA,3097,NA,NA,NA,NA,3160,NA,NA,NA,NA,2432,NA,NA,NA,NA,3173,NA,NA,NA,NA,4181,NA,NA,NA,NA,4543,NA,NA,NA,NA,5629,NA,NA,NA,NA,6633,NA,NA,NA,NA,5723,NA,NA,NA,NA,16730,NA,NA,NA,NA,12643,NA,NA,NA,NA,16708,NA,NA,NA,NA,18765,NA,NA,NA,NA,17145,NA,NA,NA,NA,20501,NA,NA,NA,NA,23195
che,biomass,540.5,NA,NA,NA,NA,591.2,NA,NA,NA,NA,668.5,NA,NA,NA,NA,791.2,NA,NA,NA,NA,851.9,NA,NA,NA,NA,1110.5,NA,NA,NA,NA,1026.6,NA,NA,NA,NA,1103.6,NA,NA,NA,NA,1060.6,NA,NA,NA,NA,973.2,NA,NA,NA,NA,844.9,NA,NA,NA,NA,637.1,NA,NA,NA,NA,511.1,NA,NA,NA,NA,343,NA,NA,NA,NA,224.1,NA,NA,NA,NA,189.5,NA,NA,NA,NA,163.2,NA,NA,NA,NA,124.2,NA,NA,NA,NA,116.4,NA,NA,NA,NA,132.8,NA,NA,NA,NA,152.1,NA,NA,NA,NA,186,NA,NA,NA,NA,225.7,NA,NA,NA,NA,254.4,NA,NA,NA,NA,349.6,NA,NA,NA,NA,319.8,NA,NA,NA,NA,355.5,NA,NA,NA,NA,375.3,NA,NA,NA,NA,307.4,NA,NA,NA,NA,342.8,NA,NA,NA,NA,494.5
chl,biomass,37.7,NA,NA,NA,NA,49.9,NA,NA,NA,NA,66.2,NA,NA,NA,NA,87.7,NA,NA,NA,NA,116.2,NA,NA,NA,NA,154.1,NA,NA,NA,NA,204.2,NA,NA,NA,NA,270.7,NA,NA,NA,NA,358.8,NA,NA,NA,NA,478.6,NA,NA,NA,NA,638.6,NA,NA,NA,NA,753.9,NA,NA,NA,NA,916.1,NA,NA,NA,NA,883.4,NA,NA,NA,NA,1024.2,NA,NA,NA,NA,1283.1,NA,NA,NA,NA,1883.4,NA,NA,NA,NA,1859.4,NA,NA,NA,NA,2251,NA,NA,NA,NA,2520.5,NA,NA,NA,NA,3193.9,NA,NA,NA,NA,1848.5,NA,NA,NA,NA,562.3,NA,NA,NA,NA,612.7,NA,NA,NA,NA,694.6,NA,NA,NA,NA,843.5,NA,NA,NA,NA,1602,NA,NA,NA,NA,2020.6,NA,NA,NA,NA,2048,NA,NA,NA,NA,2287.6,NA,NA,NA,NA,3425.4
chn,biomass,NA,NA,NA,NA,NA,NA,NA,NA,NA,NA,NA,NA,NA,NA,NA,NA,NA,NA,NA,NA,NA,NA,NA,NA,NA,NA,NA,NA,NA,NA,NA,NA,NA,NA,NA,NA,NA,NA,NA,NA,NA,NA,NA,NA,NA,NA,NA,NA,NA,NA,NA,NA,NA,NA,NA,NA,NA,NA,NA,NA,NA,NA,NA,NA,NA,NA,NA,NA,NA,NA,21.6,NA,NA,NA,NA,NA,NA,NA,NA,NA,NA,NA,NA,NA,NA,NA,NA,NA,NA,NA,NA,NA,NA,NA,NA,NA,NA,NA,NA,NA,NA,NA,NA,NA,NA,NA,NA,NA,NA,NA,NA,NA,NA,NA,NA,NA,NA,NA,NA,NA,7172,NA,NA,NA,NA,3684,NA,NA,NA,NA,NA,NA,NA,NA,NA,NA,NA,NA,NA,NA,NA,NA,NA,NA,NA,NA,NA,NA,NA,NA,NA
civ,biomass,NA,NA,NA,NA,NA,NA,NA,NA,NA,NA,NA,NA,NA,NA,NA,NA,NA,NA,NA,NA,NA,NA,NA,NA,NA,NA,NA,NA,NA,NA,NA,NA,NA,NA,NA,NA,NA,NA,NA,NA,NA,NA,NA,NA,NA,NA,NA,NA,NA,NA,NA,NA,NA,NA,NA,NA,NA,NA,NA,NA,NA,NA,NA,NA,NA,NA,NA,NA,NA,NA,NA,NA,NA,NA,NA,NA,NA,NA,NA,NA,NA,NA,NA,NA,NA,NA,NA,NA,NA,NA,NA,NA,NA,NA,NA,NA,NA,NA,NA,NA,NA,NA,NA,NA,NA,NA,NA,NA,NA,NA,NA,NA,NA,NA,NA,NA,NA,NA,NA,NA,NA,NA,NA,NA,NA,104,NA,NA,NA,NA,NA,NA,NA,NA,NA,NA,NA,NA,NA,NA,NA,NA,NA,NA,NA,NA,NA,NA,NA,NA,NA
cmr,biomass,100,NA,NA,NA,NA,102,NA,NA,NA,NA,104,NA,NA,NA,NA,106,NA,NA,NA,NA,108,NA,NA,NA,NA,119,NA,NA,NA,NA,131,NA,NA,NA,NA,144,NA,NA,NA,NA,159,NA,NA,NA,NA,175,NA,NA,NA,NA,193,NA,NA,NA,NA,213,NA,NA,NA,NA,234,NA,NA,NA,NA,267,NA,NA,NA,NA,318,NA,NA,NA,NA,377,NA,NA,NA,NA,439,NA,NA,NA,NA,505,NA,NA,NA,NA,576,NA,NA,NA,NA,655,NA,NA,NA,NA,747,NA,NA,NA,NA,891,NA,NA,NA,NA,1027,NA,NA,NA,NA,1148,NA,NA,NA,NA,1391,NA,NA,NA,NA,1573,NA,NA,NA,NA,1858,NA,NA,NA,NA,2862,NA,NA,NA,NA,2473,NA,NA,NA,NA,2172,NA,NA,NA,NA,2479
cod,biomass,43,NA,NA,NA,NA,43,NA,NA,NA,NA,44,NA,NA,NA,NA,45,NA,NA,NA,NA,46,NA,NA,NA,NA,51,NA,NA,NA,NA,56,NA,NA,NA,NA,62,NA,NA,NA,NA,68,NA,NA,NA,NA,75,NA,NA,NA,NA,82,NA,NA,NA,NA,91,NA,NA,NA,NA,100,NA,NA,NA,NA,114,NA,NA,NA,NA,136,NA,NA,NA,NA,161,NA,NA,NA,NA,187,NA,NA,NA,NA,215,NA,NA,NA,NA,355,NA,NA,NA,NA,643,NA,NA,NA,NA,1190,NA,NA,NA,NA,2720,NA,NA,NA,NA,3210,NA,NA,NA,NA,3519,NA,NA,NA,NA,5084,NA,NA,NA,NA,7485,NA,NA,NA,NA,5221,NA,NA,NA,NA,4946,NA,NA,NA,NA,6100,NA,NA,NA,NA,7172,NA,NA,NA,NA,8325
cog,biomass,NA,NA,NA,NA,NA,NA,NA,NA,NA,NA,NA,NA,NA,NA,NA,NA,NA,NA,NA,NA,NA,NA,NA,NA,NA,NA,NA,NA,NA,NA,NA,NA,NA,NA,NA,NA,NA,NA,NA,NA,NA,NA,NA,NA,NA,NA,NA,NA,NA,NA,NA,NA,NA,NA,NA,NA,NA,NA,NA,NA,NA,NA,NA,NA,NA,NA,NA,NA,NA,NA,NA,NA,NA,NA,NA,NA,NA,NA,NA,NA,NA,NA,NA,NA,NA,NA,NA,NA,NA,NA,NA,NA,NA,NA,NA,NA,NA,NA,NA,NA,NA,NA,NA,NA,NA,NA,NA,NA,NA,NA,NA,NA,NA,NA,NA,NA,NA,NA,NA,NA,277,NA,NA,NA,NA,95,NA,NA,NA,NA,NA,NA,NA,NA,NA,NA,NA,NA,NA,NA,NA,NA,NA,NA,NA,NA,NA,NA,NA,NA,NA
col,biomass,49.2,NA,NA,NA,NA,65.2,NA,NA,NA,NA,86.4,NA,NA,NA,NA,114.5,NA,NA,NA,NA,151.8,NA,NA,NA,NA,201.2,NA,NA,NA,NA,266.6,NA,NA,NA,NA,353.4,NA,NA,NA,NA,468.4,NA,NA,NA,NA,625,NA,NA,NA,NA,833.8,NA,NA,NA,NA,997.8,NA,NA,NA,NA,1217.7,NA,NA,NA,NA,1322.9,NA,NA,NA,NA,1670.9,NA,NA,NA,NA,1882,NA,NA,NA,NA,2416.1,NA,NA,NA,NA,2788.6,NA,NA,NA,NA,3065.1,NA,NA,NA,NA,2886.3,NA,NA,NA,NA,2787.6,NA,NA,NA,NA,2917.6,NA,NA,NA,NA,2841.8,NA,NA,NA,NA,2662.4,NA,NA,NA,NA,4709.2,NA,NA,NA,NA,5279.4,NA,NA,NA,NA,2922,NA,NA,NA,NA,3700,NA,NA,NA,NA,4279.1,NA,NA,NA,NA,7511,NA,NA,NA,NA,7753.5
cri,biomass,3.8,NA,NA,NA,NA,5.1,NA,NA,NA,NA,6.7,NA,NA,NA,NA,8.9,NA,NA,NA,NA,11.8,NA,NA,NA,NA,15.7,NA,NA,NA,NA,20.8,NA,NA,NA,NA,27.6,NA,NA,NA,NA,36.5,NA,NA,NA,NA,48.8,NA,NA,NA,NA,65.1,NA,NA,NA,NA,99.1,NA,NA,NA,NA,131.4,NA,NA,NA,NA,131.7,NA,NA,NA,NA,154.8,NA,NA,NA,NA,172.3,NA,NA,NA,NA,178.3,NA,NA,NA,NA,177.3,NA,NA,NA,NA,220.2,NA,NA,NA,NA,212.1,NA,NA,NA,NA,286.2,NA,NA,NA,NA,369.8,NA,NA,NA,NA,416.5,NA,NA,NA,NA,472.2,NA,NA,NA,NA,1013.8,NA,NA,NA,NA,1277.2,NA,NA,NA,NA,610.3,NA,NA,NA,NA,747.8,NA,NA,NA,NA,958.4,NA,NA,NA,NA,743.5,NA,NA,NA,NA,769.3
cub,biomass,143,NA,NA,NA,NA,189.5,NA,NA,NA,NA,251.2,NA,NA,NA,NA,333,NA,NA,NA,NA,441.4,NA,NA,NA,NA,585,NA,NA,NA,NA,775.4,NA,NA,NA,NA,1027.8,NA,NA,NA,NA,1362.2,NA,NA,NA,NA,1817.4,NA,NA,NA,NA,2424.8,NA,NA,NA,NA,3694.4,NA,NA,NA,NA,4898.6,NA,NA,NA,NA,4909.5,NA,NA,NA,NA,5770.4,NA,NA,NA,NA,7545.3,NA,NA,NA,NA,8263.8,NA,NA,NA,NA,7968.5,NA,NA,NA,NA,7248,NA,NA,NA,NA,10958.3,NA,NA,NA,NA,14121.7,NA,NA,NA,NA,13950.7,NA,NA,NA,NA,13535.4,NA,NA,NA,NA,11943.5,NA,NA,NA,NA,9992.7,NA,NA,NA,NA,10032.9,NA,NA,NA,NA,10935.5,NA,NA,NA,NA,11240.6,NA,NA,NA,NA,19928,NA,NA,NA,NA,8900.5,NA,NA,NA,NA,9142.9
cze,biomass,NA,NA,NA,NA,NA,NA,NA,NA,NA,NA,NA,NA,NA,NA,NA,NA,NA,NA,NA,NA,NA,NA,NA,NA,NA,NA,NA,NA,NA,NA,NA,NA,NA,NA,NA,NA,NA,NA,NA,NA,NA,NA,NA,NA,NA,NA,NA,NA,NA,NA,NA,NA,NA,NA,NA,NA,NA,NA,NA,NA,NA,NA,NA,NA,NA,NA,NA,NA,NA,NA,NA,NA,NA,NA,NA,NA,NA,NA,NA,NA,NA,NA,NA,NA,NA,NA,NA,NA,NA,NA,NA,NA,NA,NA,NA,NA,NA,NA,NA,NA,NA,NA,NA,NA,NA,NA,NA,NA,NA,NA,NA,NA,NA,NA,NA,NA,NA,NA,NA,NA,NA,NA,NA,NA,NA,NA,NA,NA,NA,NA,NA,NA,NA,NA,NA,NA,NA,NA,NA,NA,NA,NA,NA,NA,NA,907.2,NA,NA,NA,NA,388.4
deu,biomass,3180.6,NA,NA,NA,NA,3284.6,NA,NA,NA,NA,3829.7,NA,NA,NA,NA,4337.5,NA,NA,NA,NA,4786.6,NA,NA,NA,NA,5700,NA,NA,NA,NA,4596.4,NA,NA,NA,NA,3966.4,NA,NA,NA,NA,3861.7,NA,NA,NA,NA,3225.3,NA,NA,NA,NA,2918.8,NA,NA,NA,NA,2345.1,NA,NA,NA,NA,1887.2,NA,NA,NA,NA,1294.8,NA,NA,NA,NA,415.8,NA,NA,NA,NA,552.5,NA,NA,NA,NA,604.7,NA,NA,NA,NA,408.6,NA,NA,NA,NA,557.3,NA,NA,NA,NA,552.6,NA,NA,NA,NA,605.4,NA,NA,NA,NA,1205.1,NA,NA,NA,NA,1763.3,NA,NA,NA,NA,2086.1,NA,NA,NA,NA,3271.9,NA,NA,NA,NA,2967.8,NA,NA,NA,NA,NA,NA,NA,NA,NA,NA,NA,NA,NA,NA,NA,NA,NA,NA,NA,NA,NA,NA,NA,NA,NA
dnk,biomass,372.5,NA,NA,NA,NA,412.1,NA,NA,NA,NA,415.3,NA,NA,NA,NA,474.4,NA,NA,NA,NA,531.9,NA,NA,NA,NA,585.2,NA,NA,NA,NA,610.9,NA,NA,NA,NA,603,NA,NA,NA,NA,595.6,NA,NA,NA,NA,546,NA,NA,NA,NA,479.1,NA,NA,NA,NA,401.4,NA,NA,NA,NA,321.3,NA,NA,NA,NA,227,NA,NA,NA,NA,163.1,NA,NA,NA,NA,121.1,NA,NA,NA,NA,105.4,NA,NA,NA,NA,88.7,NA,NA,NA,NA,86,NA,NA,NA,NA,60.6,NA,NA,NA,NA,65.8,NA,NA,NA,NA,78.2,NA,NA,NA,NA,96.3,NA,NA,NA,NA,124.2,NA,NA,NA,NA,180.5,NA,NA,NA,NA,227.6,NA,NA,NA,NA,239.7,NA,NA,NA,NA,342.8,NA,NA,NA,NA,342.8,NA,NA,NA,NA,306.4,NA,NA,NA,NA,321.6
dom,biomass,15,NA,NA,NA,NA,19.9,NA,NA,NA,NA,26.4,NA,NA,NA,NA,34.9,NA,NA,NA,NA,46.3,NA,NA,NA,NA,61.4,NA,NA,NA,NA,81.3,NA,NA,NA,NA,107.8,NA,NA,NA,NA,142.9,NA,NA,NA,NA,190.6,NA,NA,NA,NA,254.3,NA,NA,NA,NA,387.5,NA,NA,NA,NA,513.8,NA,NA,NA,NA,514.9,NA,NA,NA,NA,605.2,NA,NA,NA,NA,791.4,NA,NA,NA,NA,922.4,NA,NA,NA,NA,942.3,NA,NA,NA,NA,1029.2,NA,NA,NA,NA,1114.2,NA,NA,NA,NA,1357.4,NA,NA,NA,NA,1710.2,NA,NA,NA,NA,1849.2,NA,NA,NA,NA,2295.4,NA,NA,NA,NA,5670.8,NA,NA,NA,NA,6322.6,NA,NA,NA,NA,2354.7,NA,NA,NA,NA,1790.5,NA,NA,NA,NA,1221.6,NA,NA,NA,NA,1706.7,NA,NA,NA,NA,1524.9
ecu,biomass,1.8,NA,NA,NA,NA,2.4,NA,NA,NA,NA,3.2,NA,NA,NA,NA,4.3,NA,NA,NA,NA,5.7,NA,NA,NA,NA,7.5,NA,NA,NA,NA,9.9,NA,NA,NA,NA,13.2,NA,NA,NA,NA,17.4,NA,NA,NA,NA,23.3,NA,NA,NA,NA,31.1,NA,NA,NA,NA,47.3,NA,NA,NA,NA,62.7,NA,NA,NA,NA,62.9,NA,NA,NA,NA,73.9,NA,NA,NA,NA,96.6,NA,NA,NA,NA,112.6,NA,NA,NA,NA,115.1,NA,NA,NA,NA,131.8,NA,NA,NA,NA,150.6,NA,NA,NA,NA,225,NA,NA,NA,NA,266.2,NA,NA,NA,NA,302.8,NA,NA,NA,NA,384.8,NA,NA,NA,NA,1204.7,NA,NA,NA,NA,1604.4,NA,NA,NA,NA,760.4,NA,NA,NA,NA,884,NA,NA,NA,NA,1073.1,NA,NA,NA,NA,1131,NA,NA,NA,NA,1200.5
egy,biomass,464,NA,NA,NA,NA,504,NA,NA,NA,NA,548,NA,NA,NA,NA,595,NA,NA,NA,NA,647,NA,NA,NA,NA,716,NA,NA,NA,NA,793,NA,NA,NA,NA,877,NA,NA,NA,NA,971,NA,NA,NA,NA,1075,NA,NA,NA,NA,1190,NA,NA,NA,NA,1317,NA,NA,NA,NA,1457,NA,NA,NA,NA,1597,NA,NA,NA,NA,1724,NA,NA,NA,NA,1845,NA,NA,NA,NA,1942,NA,NA,NA,NA,2017,NA,NA,NA,NA,2057,NA,NA,NA,NA,1883,NA,NA,NA,NA,1526,NA,NA,NA,NA,1154,NA,NA,NA,NA,1011,NA,NA,NA,NA,1473,NA,NA,NA,NA,2742,NA,NA,NA,NA,2731,NA,NA,NA,NA,1208,NA,NA,NA,NA,1487,NA,NA,NA,NA,1578,NA,NA,NA,NA,1845,NA,NA,NA,NA,2024
esp,biomass,938.7,NA,NA,NA,NA,1179.1,NA,NA,NA,NA,1502.9,NA,NA,NA,NA,1624.4,NA,NA,NA,NA,1752,NA,NA,NA,NA,2276.1,NA,NA,NA,NA,2438.6,NA,NA,NA,NA,3013.2,NA,NA,NA,NA,2944,NA,NA,NA,NA,2932.2,NA,NA,NA,NA,2642.6,NA,NA,NA,NA,1985.3,NA,NA,NA,NA,1504.2,NA,NA,NA,NA,1078.5,NA,NA,NA,NA,699,NA,NA,NA,NA,589.8,NA,NA,NA,NA,527.7,NA,NA,NA,NA,403.3,NA,NA,NA,NA,397.3,NA,NA,NA,NA,392.1,NA,NA,NA,NA,393.6,NA,NA,NA,NA,615.1,NA,NA,NA,NA,769,NA,NA,NA,NA,1254.1,NA,NA,NA,NA,2353.7,NA,NA,NA,NA,2930.7,NA,NA,NA,NA,3256.5,NA,NA,NA,NA,3005.4,NA,NA,NA,NA,5540.1,NA,NA,NA,NA,3686.3,NA,NA,NA,NA,3904.8
est,biomass,NA,NA,NA,NA,NA,NA,NA,NA,NA,NA,NA,NA,NA,NA,NA,NA,NA,NA,NA,NA,NA,NA,NA,NA,NA,NA,NA,NA,NA,NA,NA,NA,NA,NA,NA,NA,NA,NA,NA,NA,NA,NA,NA,NA,NA,NA,NA,NA,NA,NA,NA,NA,NA,NA,NA,NA,NA,NA,NA,NA,NA,NA,NA,NA,NA,NA,NA,NA,NA,NA,NA,NA,NA,NA,NA,NA,NA,NA,NA,NA,NA,NA,NA,NA,NA,NA,NA,NA,NA,NA,NA,NA,NA,NA,NA,NA,NA,NA,NA,NA,NA,NA,NA,NA,NA,NA,NA,NA,NA,NA,NA,NA,NA,NA,NA,NA,NA,NA,NA,NA,NA,NA,NA,NA,NA,NA,NA,NA,NA,NA,NA,NA,NA,NA,NA,NA,NA,NA,NA,NA,22.4,NA,NA,NA,NA,181.7,NA,NA,NA,NA,192.8
eth,biomass,NA,NA,NA,NA,NA,NA,NA,NA,NA,NA,NA,NA,NA,NA,NA,NA,NA,NA,NA,NA,NA,NA,NA,NA,NA,NA,NA,NA,NA,NA,NA,NA,NA,NA,NA,NA,NA,NA,NA,NA,NA,NA,NA,NA,NA,NA,NA,NA,NA,NA,NA,NA,NA,NA,NA,NA,NA,NA,NA,NA,NA,NA,NA,NA,NA,NA,NA,NA,NA,NA,NA,NA,NA,NA,NA,NA,NA,NA,NA,NA,NA,NA,NA,NA,NA,NA,NA,NA,NA,NA,NA,NA,NA,NA,NA,NA,NA,NA,NA,NA,NA,NA,NA,NA,NA,NA,NA,NA,NA,NA,NA,NA,NA,NA,NA,NA,NA,NA,NA,NA,336,NA,NA,NA,NA,441,NA,NA,NA,NA,NA,NA,NA,NA,NA,NA,NA,NA,NA,NA,NA,NA,NA,NA,NA,NA,NA,NA,NA,NA,NA
fin,biomass,189.1,NA,NA,NA,NA,200.5,NA,NA,NA,NA,212.5,NA,NA,NA,NA,222.3,NA,NA,NA,NA,254.8,NA,NA,NA,NA,293.2,NA,NA,NA,NA,301.4,NA,NA,NA,NA,344.5,NA,NA,NA,NA,416.2,NA,NA,NA,NA,472.4,NA,NA,NA,NA,562.8,NA,NA,NA,NA,596.1,NA,NA,NA,NA,755,NA,NA,NA,NA,914,NA,NA,NA,NA,794.7,NA,NA,NA,NA,1403.1,NA,NA,NA,NA,1533,NA,NA,NA,NA,1092.6,NA,NA,NA,NA,1093.3,NA,NA,NA,NA,846.9,NA,NA,NA,NA,1244.7,NA,NA,NA,NA,1717.8,NA,NA,NA,NA,2033.8,NA,NA,NA,NA,2891.7,NA,NA,NA,NA,4025.7,NA,NA,NA,NA,4995.5,NA,NA,NA,NA,5405.4,NA,NA,NA,NA,6316.8,NA,NA,NA,NA,7442.4,NA,NA,NA,NA,8722.8,NA,NA,NA,NA,11778
fji,biomass,NA,NA,NA,NA,NA,NA,NA,NA,NA,NA,NA,NA,NA,NA,NA,NA,NA,NA,NA,NA,NA,NA,NA,NA,NA,NA,NA,NA,NA,NA,1.7,NA,NA,NA,NA,18.3,NA,NA,NA,NA,26.7,NA,NA,NA,NA,40,NA,NA,NA,NA,55,NA,NA,NA,NA,78.3,NA,NA,NA,NA,116.7,NA,NA,NA,NA,160,NA,NA,NA,NA,123.3,NA,NA,NA,NA,171.7,NA,NA,NA,NA,156.7,NA,NA,NA,NA,238.3,NA,NA,NA,NA,153.3,NA,NA,NA,NA,161.7,NA,NA,NA,NA,156.7,NA,NA,NA,NA,276.7,NA,NA,NA,NA,248.3,NA,NA,NA,NA,525,NA,NA,NA,NA,601.7,NA,NA,NA,NA,1364.3,NA,NA,NA,NA,660,NA,NA,NA,NA,566.7,NA,NA,NA,NA,680,NA,NA,NA,NA,713,NA,NA,NA,NA,718
fra,biomass,13459.2,NA,NA,NA,NA,12507.7,NA,NA,NA,NA,12619.5,NA,NA,NA,NA,12878.6,NA,NA,NA,NA,14443.4,NA,NA,NA,NA,12597.7,NA,NA,NA,NA,9382.8,NA,NA,NA,NA,8190.7,NA,NA,NA,NA,6724.9,NA,NA,NA,NA,5307.4,NA,NA,NA,NA,4173.2,NA,NA,NA,NA,2605.3,NA,NA,NA,NA,2237.2,NA,NA,NA,NA,1843.9,NA,NA,NA,NA,1276.5,NA,NA,NA,NA,1866.4,NA,NA,NA,NA,1559.7,NA,NA,NA,NA,983.3,NA,NA,NA,NA,715.3,NA,NA,NA,NA,274.3,NA,NA,NA,NA,817.6,NA,NA,NA,NA,1042.2,NA,NA,NA,NA,1383.7,NA,NA,NA,NA,2006.1,NA,NA,NA,NA,3142.9,NA,NA,NA,NA,3373.8,NA,NA,NA,NA,3428.4,NA,NA,NA,NA,3762.2,NA,NA,NA,NA,4190,NA,NA,NA,NA,4323.5,NA,NA,NA,NA,4244.6
gab,biomass,NA,NA,NA,NA,NA,NA,NA,NA,NA,NA,NA,NA,NA,NA,NA,NA,NA,NA,NA,NA,NA,NA,NA,NA,NA,NA,NA,NA,NA,NA,NA,NA,NA,NA,NA,NA,NA,NA,NA,NA,NA,NA,NA,NA,NA,NA,NA,NA,NA,NA,NA,NA,NA,NA,NA,NA,NA,NA,NA,NA,NA,NA,NA,NA,NA,NA,NA,NA,NA,NA,NA,NA,NA,NA,NA,NA,NA,NA,NA,NA,NA,NA,NA,NA,NA,NA,NA,NA,NA,NA,NA,NA,NA,NA,NA,NA,NA,NA,NA,NA,NA,NA,NA,NA,NA,NA,NA,NA,NA,NA,219,NA,NA,NA,NA,264,NA,NA,NA,NA,313,NA,NA,NA,NA,411,NA,NA,NA,NA,527,NA,NA,NA,NA,486,NA,NA,NA,NA,126,NA,NA,NA,NA,485,NA,NA,NA,NA,546
gbr,biomass,4364.4,NA,NA,NA,NA,4287,NA,NA,NA,NA,3293.1,NA,NA,NA,NA,3108.5,NA,NA,NA,NA,2540.6,NA,NA,NA,NA,2598.7,NA,NA,NA,NA,1991.2,NA,NA,NA,NA,1830.2,NA,NA,NA,NA,1599,NA,NA,NA,NA,1226.1,NA,NA,NA,NA,1153.7,NA,NA,NA,NA,862.8,NA,NA,NA,NA,659.5,NA,NA,NA,NA,536.1,NA,NA,NA,NA,375.9,NA,NA,NA,NA,359.4,NA,NA,NA,NA,300.7,NA,NA,NA,NA,228.7,NA,NA,NA,NA,225.7,NA,NA,NA,NA,181.2,NA,NA,NA,NA,164.9,NA,NA,NA,NA,172.9,NA,NA,NA,NA,187.9,NA,NA,NA,NA,219.6,NA,NA,NA,NA,260.2,NA,NA,NA,NA,232.1,NA,NA,NA,NA,191.7,NA,NA,NA,NA,177.1,NA,NA,NA,NA,172.9,NA,NA,NA,NA,1510.9,NA,NA,NA,NA,588.6
geo,biomass,NA,NA,NA,NA,NA,NA,NA,NA,NA,NA,NA,NA,NA,NA,NA,NA,NA,NA,NA,NA,NA,NA,NA,NA,NA,NA,NA,NA,NA,NA,NA,NA,NA,NA,NA,NA,NA,NA,NA,NA,NA,NA,NA,NA,NA,NA,NA,NA,NA,NA,NA,NA,NA,NA,NA,NA,NA,NA,NA,NA,NA,NA,NA,NA,NA,NA,NA,NA,NA,NA,NA,NA,NA,NA,NA,NA,NA,NA,NA,NA,NA,NA,NA,NA,NA,NA,NA,NA,NA,NA,NA,NA,NA,NA,NA,NA,NA,NA,NA,NA,NA,NA,NA,NA,NA,NA,NA,NA,NA,NA,NA,NA,NA,NA,NA,NA,NA,NA,NA,NA,NA,NA,NA,NA,NA,NA,NA,NA,NA,NA,NA,NA,NA,NA,NA,NA,NA,NA,NA,NA,30.4,NA,NA,NA,NA,81.9,NA,NA,NA,NA,109.2
gha,biomass,71,NA,NA,NA,NA,72,NA,NA,NA,NA,74,NA,NA,NA,NA,75,NA,NA,NA,NA,77,NA,NA,NA,NA,85,NA,NA,NA,NA,93,NA,NA,NA,NA,103,NA,NA,NA,NA,113,NA,NA,NA,NA,125,NA,NA,NA,NA,137,NA,NA,NA,NA,151,NA,NA,NA,NA,167,NA,NA,NA,NA,190,NA,NA,NA,NA,227,NA,NA,NA,NA,268,NA,NA,NA,NA,313,NA,NA,NA,NA,359,NA,NA,NA,NA,410,NA,NA,NA,NA,408,NA,NA,NA,NA,330,NA,NA,NA,NA,264,NA,NA,NA,NA,265,NA,NA,NA,NA,316,NA,NA,NA,NA,459,NA,NA,NA,NA,648,NA,NA,NA,NA,725,NA,NA,NA,NA,762,NA,NA,NA,NA,871,NA,NA,NA,NA,986,NA,NA,NA,NA,1107
glp,biomass,21.7,NA,NA,NA,NA,36.7,NA,NA,NA,NA,48.3,NA,NA,NA,NA,NA,NA,NA,NA,NA,66.7,NA,NA,NA,NA,88.3,NA,NA,NA,NA,78.3,NA,NA,NA,NA,75,NA,NA,NA,NA,66.7,NA,NA,NA,NA,70,NA,NA,NA,NA,46.7,NA,NA,NA,NA,73.3,NA,NA,NA,NA,63.3,NA,NA,NA,NA,56.7,NA,NA,NA,NA,45,NA,NA,NA,NA,58.3,NA,NA,NA,NA,31.7,NA,NA,NA,NA,66.7,NA,NA,NA,NA,101.7,NA,NA,NA,NA,46.7,NA,NA,NA,NA,108.3,NA,NA,NA,NA,195,NA,NA,NA,NA,253.3,NA,NA,NA,NA,316.7,NA,NA,NA,NA,788.7,NA,NA,NA,NA,429,NA,NA,NA,NA,153.3,NA,NA,NA,NA,88.3,NA,NA,NA,NA,43.3,NA,NA,NA,NA,83.4,NA,NA,NA,NA,75.5
grc,biomass,48.5,NA,NA,NA,NA,51.7,NA,NA,NA,NA,55.2,NA,NA,NA,NA,58.8,NA,NA,NA,NA,62.8,NA,NA,NA,NA,71,NA,NA,NA,NA,80.4,NA,NA,NA,NA,91,NA,NA,NA,NA,103,NA,NA,NA,NA,116.1,NA,NA,NA,NA,130.8,NA,NA,NA,NA,144.1,NA,NA,NA,NA,158.9,NA,NA,NA,NA,179.7,NA,NA,NA,NA,211.4,NA,NA,NA,NA,246.5,NA,NA,NA,NA,245.4,NA,NA,NA,NA,157.7,NA,NA,NA,NA,74,NA,NA,NA,NA,9.8,NA,NA,NA,NA,22.5,NA,NA,NA,NA,40,NA,NA,NA,NA,49.8,NA,NA,NA,NA,100.1,NA,NA,NA,NA,187.8,NA,NA,NA,NA,269.1,NA,NA,NA,NA,346.7,NA,NA,NA,NA,319.8,NA,NA,NA,NA,579.5,NA,NA,NA,NA,588.6,NA,NA,NA,NA,731.2
gtm,biomass,16.3,NA,NA,NA,NA,21.6,NA,NA,NA,NA,28.6,NA,NA,NA,NA,38,NA,NA,NA,NA,50.3,NA,NA,NA,NA,66.7,NA,NA,NA,NA,88.4,NA,NA,NA,NA,117.1,NA,NA,NA,NA,155.3,NA,NA,NA,NA,207.1,NA,NA,NA,NA,276.4,NA,NA,NA,NA,421.1,NA,NA,NA,NA,558.3,NA,NA,NA,NA,559.6,NA,NA,NA,NA,657.7,NA,NA,NA,NA,787.9,NA,NA,NA,NA,983.8,NA,NA,NA,NA,1020.4,NA,NA,NA,NA,1733.2,NA,NA,NA,NA,1155.9,NA,NA,NA,NA,1458.5,NA,NA,NA,NA,1291.3,NA,NA,NA,NA,1370.9,NA,NA,NA,NA,1476.7,NA,NA,NA,NA,2493.2,NA,NA,NA,NA,2765.7,NA,NA,NA,NA,1185.8,NA,NA,NA,NA,1038.3,NA,NA,NA,NA,1289.6,NA,NA,NA,NA,1814.2,NA,NA,NA,NA,2082
guy,biomass,50,NA,NA,NA,NA,81.7,NA,NA,NA,NA,81.7,NA,NA,NA,NA,108.3,NA,NA,NA,NA,113.3,NA,NA,NA,NA,146.7,NA,NA,NA,NA,156.7,NA,NA,NA,NA,206.7,NA,NA,NA,NA,190,NA,NA,NA,NA,173.3,NA,NA,NA,NA,143.3,NA,NA,NA,NA,180,NA,NA,NA,NA,196.7,NA,NA,NA,NA,201.7,NA,NA,NA,NA,148.3,NA,NA,NA,NA,166.7,NA,NA,NA,NA,213.3,NA,NA,NA,NA,331.7,NA,NA,NA,NA,318.3,NA,NA,NA,NA,273.3,NA,NA,NA,NA,323.3,NA,NA,NA,NA,423.3,NA,NA,NA,NA,566.7,NA,NA,NA,NA,523.3,NA,NA,NA,NA,1612.7,NA,NA,NA,NA,1532.3,NA,NA,NA,NA,455,NA,NA,NA,NA,441.7,NA,NA,NA,NA,220,NA,NA,NA,NA,411.7,NA,NA,NA,NA,411.7
hnd,biomass,5.8,NA,NA,NA,NA,7.7,NA,NA,NA,NA,10.3,NA,NA,NA,NA,13.6,NA,NA,NA,NA,18,NA,NA,NA,NA,23.9,NA,NA,NA,NA,31.7,NA,NA,NA,NA,42,NA,NA,NA,NA,55.7,NA,NA,NA,NA,74.3,NA,NA,NA,NA,99.1,NA,NA,NA,NA,151,NA,NA,NA,NA,200.2,NA,NA,NA,NA,200.7,NA,NA,NA,NA,235.9,NA,NA,NA,NA,288.1,NA,NA,NA,NA,369.1,NA,NA,NA,NA,282.3,NA,NA,NA,NA,304.6,NA,NA,NA,NA,316.2,NA,NA,NA,NA,307.9,NA,NA,NA,NA,277.7,NA,NA,NA,NA,304.8,NA,NA,NA,NA,369.2,NA,NA,NA,NA,615.2,NA,NA,NA,NA,766.7,NA,NA,NA,NA,816.2,NA,NA,NA,NA,858.8,NA,NA,NA,NA,954.6,NA,NA,NA,NA,983,NA,NA,NA,NA,741.7
hrv,biomass,NA,NA,NA,NA,NA,NA,NA,NA,NA,NA,NA,NA,NA,NA,NA,NA,NA,NA,NA,NA,NA,NA,NA,NA,NA,NA,NA,NA,NA,NA,NA,NA,NA,NA,NA,NA,NA,NA,NA,NA,NA,NA,NA,NA,NA,NA,NA,NA,NA,NA,NA,NA,NA,NA,NA,NA,NA,NA,NA,NA,NA,NA,NA,NA,NA,NA,NA,NA,NA,NA,NA,NA,NA,NA,NA,NA,NA,NA,NA,NA,NA,NA,NA,NA,NA,NA,NA,NA,NA,NA,NA,NA,NA,NA,NA,NA,NA,NA,NA,NA,NA,NA,NA,NA,NA,NA,NA,NA,NA,NA,NA,NA,NA,NA,NA,NA,NA,NA,NA,NA,NA,NA,NA,NA,NA,NA,NA,NA,NA,NA,NA,NA,NA,NA,NA,NA,NA,NA,NA,NA,NA,NA,NA,NA,NA,173.4,NA,NA,NA,NA,160.8
hti,biomass,6.4,NA,NA,NA,NA,8.5,NA,NA,NA,NA,11.2,NA,NA,NA,NA,14.9,NA,NA,NA,NA,19.7,NA,NA,NA,NA,26.2,NA,NA,NA,NA,34.7,NA,NA,NA,NA,46,NA,NA,NA,NA,60.9,NA,NA,NA,NA,81.3,NA,NA,NA,NA,108.4,NA,NA,NA,NA,165.2,NA,NA,NA,NA,219.1,NA,NA,NA,NA,219.6,NA,NA,NA,NA,258.1,NA,NA,NA,NA,337.5,NA,NA,NA,NA,393.3,NA,NA,NA,NA,401.8,NA,NA,NA,NA,438.9,NA,NA,NA,NA,470.6,NA,NA,NA,NA,464.5,NA,NA,NA,NA,459.5,NA,NA,NA,NA,468.6,NA,NA,NA,NA,412.3,NA,NA,NA,NA,622.4,NA,NA,NA,NA,639.4,NA,NA,NA,NA,480.7,NA,NA,NA,NA,450.9,NA,NA,NA,NA,228.8,NA,NA,NA,NA,265.2,NA,NA,NA,NA,805.7
hun,biomass,969.7,NA,NA,NA,NA,1011.6,NA,NA,NA,NA,1055.3,NA,NA,NA,NA,1100.9,NA,NA,NA,NA,1147,NA,NA,NA,NA,1217.1,NA,NA,NA,NA,1213.6,NA,NA,NA,NA,1137,NA,NA,NA,NA,1001.2,NA,NA,NA,NA,829.1,NA,NA,NA,NA,645.8,NA,NA,NA,NA,482.2,NA,NA,NA,NA,339.7,NA,NA,NA,NA,211.5,NA,NA,NA,NA,129.2,NA,NA,NA,NA,75.9,NA,NA,NA,NA,46.1,NA,NA,NA,NA,25.5,NA,NA,NA,NA,19.3,NA,NA,NA,NA,10.3,NA,NA,NA,NA,10.3,NA,NA,NA,NA,23.3,NA,NA,NA,NA,29.3,NA,NA,NA,NA,43.8,NA,NA,NA,NA,83.4,NA,NA,NA,NA,48.5,NA,NA,NA,NA,42.5,NA,NA,NA,NA,33.4,NA,NA,NA,NA,9.1,NA,NA,NA,NA,6.1,NA,NA,NA,NA,NA
idn,biomass,978.1,NA,NA,NA,NA,1032.9,NA,NA,NA,NA,1090.8,NA,NA,NA,NA,1152,NA,NA,NA,NA,1216.6,NA,NA,NA,NA,1316.3,NA,NA,NA,NA,1398.4,NA,NA,NA,NA,1594.9,NA,NA,NA,NA,1594.9,NA,NA,NA,NA,1817.6,NA,NA,NA,NA,2040.5,NA,NA,NA,NA,2173.8,NA,NA,NA,NA,2582.4,NA,NA,NA,NA,2933.7,NA,NA,NA,NA,3263.6,NA,NA,NA,NA,3670.1,NA,NA,NA,NA,4380.5,NA,NA,NA,NA,3985,NA,NA,NA,NA,4944.8,NA,NA,NA,NA,4037.6,NA,NA,NA,NA,3410.5,NA,NA,NA,NA,3816.8,NA,NA,NA,NA,3398.1,NA,NA,NA,NA,2615.6,NA,NA,NA,NA,4650.9,NA,NA,NA,NA,6081.4,NA,NA,NA,NA,5278.5,NA,NA,NA,NA,6202.1,NA,NA,NA,NA,6557.4,NA,NA,NA,NA,7418.1,NA,NA,NA,NA,7828.2
ind,biomass,11379.2,NA,NA,NA,NA,11598.7,NA,NA,NA,NA,11822.5,NA,NA,NA,NA,12050.7,NA,NA,NA,NA,12283.2,NA,NA,NA,NA,12648.3,NA,NA,NA,NA,13024.2,NA,NA,NA,NA,13840.7,NA,NA,NA,NA,14874.8,NA,NA,NA,NA,14816.1,NA,NA,NA,NA,15523.7,NA,NA,NA,NA,16998.6,NA,NA,NA,NA,18212.3,NA,NA,NA,NA,16951.8,NA,NA,NA,NA,14175.2,NA,NA,NA,NA,14292.3,NA,NA,NA,NA,13246.2,NA,NA,NA,NA,11039.6,NA,NA,NA,NA,9591.6,NA,NA,NA,NA,8992.8,NA,NA,NA,NA,6714.8,NA,NA,NA,NA,7975.2,NA,NA,NA,NA,10185.6,NA,NA,NA,NA,14840.3,NA,NA,NA,NA,32343.3,NA,NA,NA,NA,38780.6,NA,NA,NA,NA,24490.8,NA,NA,NA,NA,35496,NA,NA,NA,NA,48368.7,NA,NA,NA,NA,73716.6,NA,NA,NA,NA,76121
irl,biomass,1201.4,NA,NA,NA,NA,1239.7,NA,NA,NA,NA,1278,NA,NA,NA,NA,1316.3,NA,NA,NA,NA,1354.7,NA,NA,NA,NA,1388.5,NA,NA,NA,NA,1423.1,NA,NA,NA,NA,1458.7,NA,NA,NA,NA,1495.1,NA,NA,NA,NA,1532.4,NA,NA,NA,NA,1570.7,NA,NA,NA,NA,1609.9,NA,NA,NA,NA,1650,NA,NA,NA,NA,1509.1,NA,NA,NA,NA,1163.3,NA,NA,NA,NA,915.1,NA,NA,NA,NA,523.2,NA,NA,NA,NA,184.1,NA,NA,NA,NA,63.1,NA,NA,NA,NA,27.7,NA,NA,NA,NA,46.8,NA,NA,NA,NA,58.9,NA,NA,NA,NA,60.3,NA,NA,NA,NA,92.1,NA,NA,NA,NA,132,NA,NA,NA,NA,134.1,NA,NA,NA,NA,184.7,NA,NA,NA,NA,178.4,NA,NA,NA,NA,185.1,NA,NA,NA,NA,361,NA,NA,NA,NA,291.3
irn,biomass,701.9,NA,NA,NA,NA,734.2,NA,NA,NA,NA,768,NA,NA,NA,NA,803.4,NA,NA,NA,NA,840.4,NA,NA,NA,NA,900.8,NA,NA,NA,NA,965.6,NA,NA,NA,NA,1035.1,NA,NA,NA,NA,1109.5,NA,NA,NA,NA,1189.3,NA,NA,NA,NA,1274.9,NA,NA,NA,NA,1366.5,NA,NA,NA,NA,1464.8,NA,NA,NA,NA,1606.7,NA,NA,NA,NA,1824.2,NA,NA,NA,NA,2052.9,NA,NA,NA,NA,2272.5,NA,NA,NA,NA,2482.7,NA,NA,NA,NA,2690.3,NA,NA,NA,NA,2908.3,NA,NA,NA,NA,3153.3,NA,NA,NA,NA,3035.3,NA,NA,NA,NA,2248.8,NA,NA,NA,NA,369.5,NA,NA,NA,NA,316.5,NA,NA,NA,NA,508,NA,NA,NA,NA,91,NA,NA,NA,NA,364.1,NA,NA,NA,NA,309.5,NA,NA,NA,NA,370.1,NA,NA,NA,NA,564.3
irq,biomass,93.4,NA,NA,NA,NA,98.9,NA,NA,NA,NA,104.6,NA,NA,NA,NA,110.8,NA,NA,NA,NA,117.3,NA,NA,NA,NA,129.2,NA,NA,NA,NA,142.3,NA,NA,NA,NA,156.8,NA,NA,NA,NA,172.7,NA,NA,NA,NA,190.3,NA,NA,NA,NA,209.7,NA,NA,NA,NA,231,NA,NA,NA,NA,254.5,NA,NA,NA,NA,284.6,NA,NA,NA,NA,325.3,NA,NA,NA,NA,368.7,NA,NA,NA,NA,411,NA,NA,NA,NA,443.3,NA,NA,NA,NA,387.1,NA,NA,NA,NA,263.7,NA,NA,NA,NA,141.9,NA,NA,NA,NA,104.6,NA,NA,NA,NA,49.2,NA,NA,NA,NA,27.8,NA,NA,NA,NA,48.2,NA,NA,NA,NA,58.6,NA,NA,NA,NA,25.2,NA,NA,NA,NA,25.2,NA,NA,NA,NA,25.2,NA,NA,NA,NA,25.2,NA,NA,NA,NA,25.2
ita,biomass,4300.8,NA,NA,NA,NA,4584.1,NA,NA,NA,NA,4886.1,NA,NA,NA,NA,5098.2,NA,NA,NA,NA,6409.6,NA,NA,NA,NA,7361.6,NA,NA,NA,NA,7024.9,NA,NA,NA,NA,7820.3,NA,NA,NA,NA,8125.2,NA,NA,NA,NA,8125.2,NA,NA,NA,NA,8921.8,NA,NA,NA,NA,10360.3,NA,NA,NA,NA,11274.5,NA,NA,NA,NA,7786.1,NA,NA,NA,NA,5095.7,NA,NA,NA,NA,3251,NA,NA,NA,NA,1786.3,NA,NA,NA,NA,635.5,NA,NA,NA,NA,345,NA,NA,NA,NA,64.4,NA,NA,NA,NA,94.2,NA,NA,NA,NA,143.7,NA,NA,NA,NA,203,NA,NA,NA,NA,315,NA,NA,NA,NA,465.4,NA,NA,NA,NA,460.8,NA,NA,NA,NA,481.4,NA,NA,NA,NA,416.9,NA,NA,NA,NA,245.8,NA,NA,NA,NA,497.6,NA,NA,NA,NA,693
jam,biomass,48.3,NA,NA,NA,NA,38.3,NA,NA,NA,NA,43.3,NA,NA,NA,NA,41.7,NA,NA,NA,NA,41.7,NA,NA,NA,NA,38.3,NA,NA,NA,NA,46.7,NA,NA,NA,NA,41.7,NA,NA,NA,NA,31.7,NA,NA,NA,NA,38.3,NA,NA,NA,NA,40,NA,NA,NA,NA,35,NA,NA,NA,NA,48.3,NA,NA,NA,NA,31.7,NA,NA,NA,NA,55,NA,NA,NA,NA,95,NA,NA,NA,NA,85,NA,NA,NA,NA,155,NA,NA,NA,NA,265,NA,NA,NA,NA,278.3,NA,NA,NA,NA,460,NA,NA,NA,NA,671.7,NA,NA,NA,NA,718.3,NA,NA,NA,NA,828.3,NA,NA,NA,NA,1871.7,NA,NA,NA,NA,1794.7,NA,NA,NA,NA,386.7,NA,NA,NA,NA,375,NA,NA,NA,NA,348.3,NA,NA,NA,NA,382.7,NA,NA,NA,NA,403.1
jpn,biomass,1690,NA,NA,NA,NA,1691.3,NA,NA,NA,NA,1628.1,NA,NA,NA,NA,1508,NA,NA,NA,NA,1344.2,NA,NA,NA,NA,1278.1,NA,NA,NA,NA,1309.6,NA,NA,NA,NA,1111.4,NA,NA,NA,NA,1167.5,NA,NA,NA,NA,1124.8,NA,NA,NA,NA,985.9,NA,NA,NA,NA,705.3,NA,NA,NA,NA,658.3,NA,NA,NA,NA,629.2,NA,NA,NA,NA,832.8,NA,NA,NA,NA,735.3,NA,NA,NA,NA,864.2,NA,NA,NA,NA,1013.8,NA,NA,NA,NA,1493.1,NA,NA,NA,NA,1680.5,NA,NA,NA,NA,783.2,NA,NA,NA,NA,1815.2,NA,NA,NA,NA,3259,NA,NA,NA,NA,5165.4,NA,NA,NA,NA,10012.3,NA,NA,NA,NA,9702.1,NA,NA,NA,NA,8237.2,NA,NA,NA,NA,7806.6,NA,NA,NA,NA,8362.8,NA,NA,NA,NA,7588.1,NA,NA,NA,NA,8160.8
ken,biomass,43,NA,NA,NA,NA,44,NA,NA,NA,NA,45,NA,NA,NA,NA,46,NA,NA,NA,NA,47,NA,NA,NA,NA,52,NA,NA,NA,NA,57,NA,NA,NA,NA,63,NA,NA,NA,NA,69,NA,NA,NA,NA,76,NA,NA,NA,NA,84,NA,NA,NA,NA,92,NA,NA,NA,NA,102,NA,NA,NA,NA,116,NA,NA,NA,NA,138,NA,NA,NA,NA,164,NA,NA,NA,NA,191,NA,NA,NA,NA,219,NA,NA,NA,NA,250,NA,NA,NA,NA,269,NA,NA,NA,NA,263,NA,NA,NA,NA,262,NA,NA,NA,NA,277,NA,NA,NA,NA,289,NA,NA,NA,NA,845,NA,NA,NA,NA,1133,NA,NA,NA,NA,931,NA,NA,NA,NA,1125,NA,NA,NA,NA,1334,NA,NA,NA,NA,1449,NA,NA,NA,NA,1605
kna,biomass,NA,NA,NA,NA,NA,NA,NA,NA,NA,NA,NA,NA,NA,NA,NA,NA,NA,NA,NA,NA,NA,NA,NA,NA,NA,NA,NA,NA,NA,NA,NA,NA,NA,NA,NA,NA,NA,NA,NA,NA,NA,NA,NA,NA,NA,NA,NA,NA,NA,NA,NA,NA,NA,NA,NA,NA,NA,NA,NA,NA,NA,NA,NA,NA,NA,NA,NA,NA,NA,NA,NA,NA,NA,NA,NA,NA,NA,NA,NA,NA,NA,NA,NA,NA,NA,NA,NA,NA,NA,NA,NA,NA,NA,NA,NA,NA,NA,NA,NA,NA,NA,NA,NA,NA,NA,NA,NA,NA,NA,NA,NA,NA,NA,NA,NA,NA,NA,NA,NA,NA,91,NA,NA,NA,NA,85,NA,NA,NA,NA,NA,NA,NA,NA,NA,NA,NA,NA,NA,NA,NA,NA,NA,NA,NA,NA,NA,NA,NA,NA,NA
lka,biomass,151.8,NA,NA,NA,NA,178.2,NA,NA,NA,NA,209.2,NA,NA,NA,NA,245.5,NA,NA,NA,NA,288.1,NA,NA,NA,NA,275.7,NA,NA,NA,NA,304.8,NA,NA,NA,NA,324.3,NA,NA,NA,NA,424.4,NA,NA,NA,NA,477.9,NA,NA,NA,NA,613.2,NA,NA,NA,NA,627.6,NA,NA,NA,NA,685,NA,NA,NA,NA,677.1,NA,NA,NA,NA,696.4,NA,NA,NA,NA,786.7,NA,NA,NA,NA,847.6,NA,NA,NA,NA,773.5,NA,NA,NA,NA,771.2,NA,NA,NA,NA,666.3,NA,NA,NA,NA,764.8,NA,NA,NA,NA,871.3,NA,NA,NA,NA,1015.5,NA,NA,NA,NA,1161.1,NA,NA,NA,NA,1574.1,NA,NA,NA,NA,1833.4,NA,NA,NA,NA,1709,NA,NA,NA,NA,1819.4,NA,NA,NA,NA,2375.4,NA,NA,NA,NA,1628,NA,NA,NA,NA,4086.2
ltu,biomass,NA,NA,NA,NA,NA,NA,NA,NA,NA,NA,NA,NA,NA,NA,NA,NA,NA,NA,NA,NA,NA,NA,NA,NA,NA,NA,NA,NA,NA,NA,NA,NA,NA,NA,NA,NA,NA,NA,NA,NA,NA,NA,NA,NA,NA,NA,NA,NA,NA,NA,NA,NA,NA,NA,NA,NA,NA,NA,NA,NA,NA,NA,NA,NA,NA,NA,NA,NA,NA,NA,NA,NA,NA,NA,NA,NA,NA,NA,NA,NA,NA,NA,NA,NA,NA,NA,NA,NA,NA,NA,NA,NA,NA,NA,NA,NA,NA,NA,NA,NA,NA,NA,NA,NA,NA,NA,NA,NA,NA,NA,NA,NA,NA,NA,NA,NA,NA,NA,NA,NA,NA,NA,NA,NA,NA,NA,NA,NA,NA,NA,NA,NA,NA,NA,NA,NA,NA,NA,NA,NA,17.8,NA,NA,NA,NA,63.7,NA,NA,NA,NA,94.1
lux,biomass,NA,NA,NA,NA,NA,NA,NA,NA,NA,NA,NA,NA,NA,NA,NA,NA,NA,NA,NA,NA,258.1,NA,NA,NA,NA,379.3,NA,NA,NA,NA,134.5,NA,NA,NA,NA,165.3,NA,NA,NA,NA,116.5,NA,NA,NA,NA,124.3,NA,NA,NA,NA,73.3,NA,NA,NA,NA,NA,NA,NA,NA,NA,NA,NA,NA,NA,NA,NA,NA,NA,NA,NA,NA,NA,NA,NA,NA,NA,NA,NA,NA,NA,NA,NA,NA,NA,NA,NA,NA,NA,NA,NA,NA,NA,NA,NA,NA,NA,NA,NA,NA,NA,NA,NA,NA,NA,NA,NA,NA,NA,NA,NA,NA,NA,NA,NA,NA,NA,NA,NA,NA,NA,NA,NA,NA,NA,NA,NA,NA,NA,NA,NA,NA,NA,NA,NA,NA,NA,NA,NA,NA,NA,NA,NA,NA,NA,NA,NA,NA,NA,NA,NA,NA
lva,biomass,NA,NA,NA,NA,NA,NA,NA,NA,NA,NA,NA,NA,NA,NA,NA,NA,NA,NA,NA,NA,NA,NA,NA,NA,NA,NA,NA,NA,NA,NA,NA,NA,NA,NA,NA,NA,NA,NA,NA,NA,NA,NA,NA,NA,NA,NA,NA,NA,NA,NA,NA,NA,NA,NA,NA,NA,NA,NA,NA,NA,NA,NA,NA,NA,NA,NA,NA,NA,NA,NA,NA,NA,NA,NA,NA,NA,NA,NA,NA,NA,NA,NA,NA,NA,NA,NA,NA,NA,NA,NA,NA,NA,NA,NA,NA,NA,NA,NA,NA,NA,NA,NA,NA,NA,NA,NA,NA,NA,NA,NA,NA,NA,NA,NA,NA,NA,NA,NA,NA,NA,NA,NA,NA,NA,NA,NA,NA,NA,NA,NA,NA,NA,NA,NA,NA,NA,NA,NA,NA,NA,20.5,NA,NA,NA,NA,123.3,NA,NA,NA,NA,199.2
mar,biomass,75,NA,NA,NA,NA,80,NA,NA,NA,NA,85,NA,NA,NA,NA,90,NA,NA,NA,NA,96,NA,NA,NA,NA,102,NA,NA,NA,NA,109,NA,NA,NA,NA,115,NA,NA,NA,NA,123,NA,NA,NA,NA,131,NA,NA,NA,NA,139,NA,NA,NA,NA,148,NA,NA,NA,NA,158,NA,NA,NA,NA,176,NA,NA,NA,NA,210,NA,NA,NA,NA,249,NA,NA,NA,NA,290,NA,NA,NA,NA,334,NA,NA,NA,NA,387,NA,NA,NA,NA,294,NA,NA,NA,NA,751,NA,NA,NA,NA,1366,NA,NA,NA,NA,917,NA,NA,NA,NA,539,NA,NA,NA,NA,268,NA,NA,NA,NA,173,NA,NA,NA,NA,206,NA,NA,NA,NA,195,NA,NA,NA,NA,167,NA,NA,NA,NA,182,NA,NA,NA,NA,200
mdg,biomass,NA,NA,NA,NA,NA,NA,NA,NA,NA,NA,NA,NA,NA,NA,NA,NA,NA,NA,NA,NA,NA,NA,NA,NA,NA,NA,NA,NA,NA,NA,NA,NA,NA,NA,NA,NA,NA,NA,NA,NA,NA,NA,NA,NA,NA,NA,NA,NA,NA,NA,NA,NA,NA,NA,NA,NA,NA,NA,NA,NA,NA,NA,NA,NA,NA,NA,NA,NA,NA,NA,NA,NA,NA,NA,NA,NA,NA,NA,NA,NA,NA,NA,NA,NA,NA,NA,NA,NA,NA,NA,NA,NA,NA,NA,NA,NA,NA,NA,NA,NA,NA,NA,NA,NA,NA,NA,NA,NA,NA,NA,NA,NA,NA,NA,NA,NA,NA,NA,NA,NA,352,NA,NA,NA,NA,394,NA,NA,NA,NA,NA,NA,NA,NA,NA,NA,NA,NA,NA,NA,NA,NA,NA,NA,NA,NA,NA,NA,NA,NA,NA
mex,biomass,857,NA,NA,NA,NA,876,NA,NA,NA,NA,895,NA,NA,NA,NA,915,NA,NA,NA,NA,935,NA,NA,NA,NA,1099,NA,NA,NA,NA,1292,NA,NA,NA,NA,1519,NA,NA,NA,NA,1785,NA,NA,NA,NA,2158,NA,NA,NA,NA,2797,NA,NA,NA,NA,3642,NA,NA,NA,NA,4401,NA,NA,NA,NA,2974,NA,NA,NA,NA,3668,NA,NA,NA,NA,5503,NA,NA,NA,NA,6324,NA,NA,NA,NA,7653,NA,NA,NA,NA,7887,NA,NA,NA,NA,7432,NA,NA,NA,NA,4844,NA,NA,NA,NA,3328,NA,NA,NA,NA,2939,NA,NA,NA,NA,3710,NA,NA,NA,NA,13149,NA,NA,NA,NA,14459,NA,NA,NA,NA,7022,NA,NA,NA,NA,7851,NA,NA,NA,NA,7924,NA,NA,NA,NA,9140,NA,NA,NA,NA,5296
mkd,biomass,NA,NA,NA,NA,NA,NA,NA,NA,NA,NA,NA,NA,NA,NA,NA,NA,NA,NA,NA,NA,NA,NA,NA,NA,NA,NA,NA,NA,NA,NA,NA,NA,NA,NA,NA,NA,NA,NA,NA,NA,NA,NA,NA,NA,NA,NA,NA,NA,NA,NA,NA,NA,NA,NA,NA,NA,NA,NA,NA,NA,NA,NA,NA,NA,NA,NA,NA,NA,NA,NA,NA,NA,NA,NA,NA,NA,NA,NA,NA,NA,NA,NA,NA,NA,NA,NA,NA,NA,NA,NA,NA,NA,NA,NA,NA,NA,NA,NA,NA,NA,NA,NA,NA,NA,NA,NA,NA,NA,NA,NA,NA,NA,NA,NA,NA,NA,NA,NA,NA,NA,NA,NA,NA,NA,NA,NA,NA,NA,NA,NA,NA,NA,NA,NA,NA,NA,NA,NA,NA,NA,NA,NA,NA,NA,NA,4.7,NA,NA,NA,NA,5.6
mli,biomass,NA,NA,NA,NA,NA,NA,NA,NA,NA,NA,NA,NA,NA,NA,NA,NA,NA,NA,NA,NA,NA,NA,NA,NA,NA,NA,NA,NA,NA,NA,NA,NA,NA,NA,NA,NA,NA,NA,NA,NA,NA,NA,NA,NA,NA,NA,NA,NA,NA,NA,NA,NA,NA,NA,NA,NA,NA,NA,NA,NA,NA,NA,NA,NA,NA,NA,NA,NA,NA,NA,NA,NA,NA,NA,NA,NA,NA,NA,NA,NA,NA,NA,NA,NA,NA,NA,NA,NA,NA,NA,NA,NA,NA,NA,NA,NA,NA,NA,NA,NA,NA,NA,NA,NA,NA,NA,NA,NA,NA,NA,NA,NA,NA,NA,NA,NA,NA,NA,NA,NA,20,NA,NA,NA,NA,13,NA,NA,NA,NA,NA,NA,NA,NA,NA,NA,NA,NA,NA,NA,NA,NA,NA,NA,NA,NA,NA,NA,NA,NA,NA
mmr,biomass,256,NA,NA,NA,NA,260.5,NA,NA,NA,NA,265.1,NA,NA,NA,NA,269.8,NA,NA,NA,NA,274.5,NA,NA,NA,NA,334.8,NA,NA,NA,NA,408.4,NA,NA,NA,NA,498.2,NA,NA,NA,NA,607.7,NA,NA,NA,NA,741.3,NA,NA,NA,NA,904.3,NA,NA,NA,NA,842.4,NA,NA,NA,NA,916.8,NA,NA,NA,NA,1245.5,NA,NA,NA,NA,1230.2,NA,NA,NA,NA,1387.7,NA,NA,NA,NA,1591.1,NA,NA,NA,NA,1573,NA,NA,NA,NA,1264.6,NA,NA,NA,NA,1003.4,NA,NA,NA,NA,798.6,NA,NA,NA,NA,962.7,NA,NA,NA,NA,1167.2,NA,NA,NA,NA,1262.9,NA,NA,NA,NA,1573.2,NA,NA,NA,NA,1325,NA,NA,NA,NA,1277.5,NA,NA,NA,NA,1266.9,NA,NA,NA,NA,641.4,NA,NA,NA,NA,927.1,NA,NA,NA,NA,982
moz,biomass,27,NA,NA,NA,NA,31,NA,NA,NA,NA,35,NA,NA,NA,NA,39,NA,NA,NA,NA,44,NA,NA,NA,NA,53,NA,NA,NA,NA,63,NA,NA,NA,NA,75,NA,NA,NA,NA,89,NA,NA,NA,NA,107,NA,NA,NA,NA,127,NA,NA,NA,NA,151,NA,NA,NA,NA,180,NA,NA,NA,NA,214,NA,NA,NA,NA,254,NA,NA,NA,NA,298,NA,NA,NA,NA,344,NA,NA,NA,NA,392,NA,NA,NA,NA,443,NA,NA,NA,NA,500,NA,NA,NA,NA,565,NA,NA,NA,NA,643,NA,NA,NA,NA,699,NA,NA,NA,NA,745,NA,NA,NA,NA,2048,NA,NA,NA,NA,2175,NA,NA,NA,NA,1330,NA,NA,NA,NA,1079,NA,NA,NA,NA,1266,NA,NA,NA,NA,1408,NA,NA,NA,NA,1465
mtq,biomass,25,NA,NA,NA,NA,35,NA,NA,NA,NA,63.3,NA,NA,NA,NA,50,NA,NA,NA,NA,63.3,NA,NA,NA,NA,85,NA,NA,NA,NA,65,NA,NA,NA,NA,65,NA,NA,NA,NA,56.7,NA,NA,NA,NA,48.3,NA,NA,NA,NA,50,NA,NA,NA,NA,70,NA,NA,NA,NA,60,NA,NA,NA,NA,56.7,NA,NA,NA,NA,45,NA,NA,NA,NA,75,NA,NA,NA,NA,66.7,NA,NA,NA,NA,83.3,NA,NA,NA,NA,106.7,NA,NA,NA,NA,58.3,NA,NA,NA,NA,61.7,NA,NA,NA,NA,136.7,NA,NA,NA,NA,131.7,NA,NA,NA,NA,116.7,NA,NA,NA,NA,133,NA,NA,NA,NA,78.7,NA,NA,NA,NA,10,NA,NA,NA,NA,15,NA,NA,NA,NA,10,NA,NA,NA,NA,12.9,NA,NA,NA,NA,14.7
mus,biomass,NA,NA,NA,NA,NA,NA,NA,NA,NA,NA,NA,NA,NA,NA,NA,NA,NA,NA,NA,NA,NA,NA,NA,NA,NA,NA,NA,NA,NA,NA,NA,NA,NA,NA,NA,NA,NA,NA,NA,NA,NA,NA,NA,NA,NA,NA,NA,NA,NA,NA,NA,NA,NA,NA,NA,NA,NA,NA,NA,NA,NA,NA,NA,NA,NA,NA,NA,NA,NA,NA,NA,NA,NA,NA,NA,NA,NA,NA,NA,NA,NA,NA,NA,NA,NA,NA,NA,NA,NA,NA,NA,NA,NA,NA,NA,NA,NA,NA,NA,NA,NA,NA,NA,NA,NA,NA,NA,NA,NA,NA,NA,NA,NA,NA,NA,NA,NA,NA,NA,NA,1992,NA,NA,NA,NA,1617,NA,NA,NA,NA,NA,NA,NA,NA,NA,NA,NA,NA,NA,NA,NA,NA,NA,NA,NA,NA,NA,NA,NA,NA,NA
mwi,biomass,NA,NA,NA,NA,NA,NA,NA,NA,NA,NA,NA,NA,NA,NA,NA,NA,NA,NA,NA,NA,NA,NA,NA,NA,NA,NA,NA,NA,NA,NA,NA,NA,NA,NA,NA,NA,NA,NA,NA,NA,NA,NA,NA,NA,NA,NA,NA,NA,NA,NA,NA,NA,NA,NA,NA,NA,NA,NA,NA,NA,NA,NA,NA,NA,NA,NA,NA,NA,NA,NA,NA,NA,NA,NA,NA,NA,NA,NA,NA,NA,NA,NA,NA,NA,NA,NA,NA,NA,NA,NA,NA,NA,NA,NA,NA,NA,NA,NA,NA,NA,NA,NA,NA,NA,NA,NA,NA,NA,NA,NA,NA,NA,NA,NA,NA,NA,NA,NA,NA,NA,108,NA,NA,NA,NA,225,NA,NA,NA,NA,NA,NA,NA,NA,NA,NA,NA,NA,NA,NA,NA,NA,NA,NA,NA,NA,NA,NA,NA,NA,NA
mys,biomass,NA,NA,NA,NA,NA,NA,NA,NA,NA,NA,NA,NA,NA,NA,NA,NA,NA,NA,NA,NA,NA,NA,NA,NA,NA,NA,NA,NA,NA,NA,NA,NA,NA,NA,NA,NA,NA,NA,NA,NA,NA,NA,NA,NA,NA,NA,NA,NA,NA,NA,NA,NA,NA,NA,NA,NA,NA,NA,NA,NA,NA,NA,NA,NA,NA,NA,NA,NA,NA,NA,NA,NA,NA,NA,NA,NA,NA,NA,NA,NA,NA,NA,NA,NA,NA,NA,NA,NA,NA,NA,NA,NA,NA,NA,NA,NA,NA,NA,NA,NA,NA,NA,NA,NA,NA,NA,NA,NA,NA,NA,NA,NA,NA,NA,NA,137.6,NA,NA,NA,NA,44.4,NA,NA,NA,NA,298.2,NA,NA,NA,NA,91,NA,NA,NA,NA,127.4,NA,NA,NA,NA,200.2,NA,NA,NA,NA,200.2,NA,NA,NA,NA,212.4
nga,biomass,747,NA,NA,NA,NA,761,NA,NA,NA,NA,776,NA,NA,NA,NA,792,NA,NA,NA,NA,807,NA,NA,NA,NA,889,NA,NA,NA,NA,980,NA,NA,NA,NA,1080,NA,NA,NA,NA,1190,NA,NA,NA,NA,1311,NA,NA,NA,NA,1444,NA,NA,NA,NA,1591,NA,NA,NA,NA,1753,NA,NA,NA,NA,1995,NA,NA,NA,NA,2383,NA,NA,NA,NA,2821,NA,NA,NA,NA,3286,NA,NA,NA,NA,3777,NA,NA,NA,NA,4306,NA,NA,NA,NA,4898,NA,NA,NA,NA,5587,NA,NA,NA,NA,6979,NA,NA,NA,NA,7422,NA,NA,NA,NA,9348,NA,NA,NA,NA,11507,NA,NA,NA,NA,14275,NA,NA,NA,NA,15890,NA,NA,NA,NA,13781,NA,NA,NA,NA,17071,NA,NA,NA,NA,19345,NA,NA,NA,NA,21620
nic,biomass,2.5,NA,NA,NA,NA,3.3,NA,NA,NA,NA,4.4,NA,NA,NA,NA,5.8,NA,NA,NA,NA,7.7,NA,NA,NA,NA,10.1,NA,NA,NA,NA,13.5,NA,NA,NA,NA,17.8,NA,NA,NA,NA,23.6,NA,NA,NA,NA,31.5,NA,NA,NA,NA,42.1,NA,NA,NA,NA,64.1,NA,NA,NA,NA,85,NA,NA,NA,NA,85.2,NA,NA,NA,NA,100.1,NA,NA,NA,NA,118.1,NA,NA,NA,NA,115,NA,NA,NA,NA,108.2,NA,NA,NA,NA,125.1,NA,NA,NA,NA,136.9,NA,NA,NA,NA,177.2,NA,NA,NA,NA,229,NA,NA,NA,NA,232.5,NA,NA,NA,NA,314.2,NA,NA,NA,NA,879.9,NA,NA,NA,NA,1261.5,NA,NA,NA,NA,537,NA,NA,NA,NA,728.2,NA,NA,NA,NA,664.4,NA,NA,NA,NA,503.6,NA,NA,NA,NA,697.8
nld,biomass,1210.9,NA,NA,NA,NA,1309.2,NA,NA,NA,NA,1300.3,NA,NA,NA,NA,1479.5,NA,NA,NA,NA,1552.1,NA,NA,NA,NA,1527.7,NA,NA,NA,NA,1463.4,NA,NA,NA,NA,1370.3,NA,NA,NA,NA,1088.5,NA,NA,NA,NA,828.7,NA,NA,NA,NA,617,NA,NA,NA,NA,448,NA,NA,NA,NA,305.7,NA,NA,NA,NA,196.9,NA,NA,NA,NA,124.4,NA,NA,NA,NA,83.5,NA,NA,NA,NA,60.6,NA,NA,NA,NA,28.7,NA,NA,NA,NA,19.4,NA,NA,NA,NA,4.9,NA,NA,NA,NA,12.7,NA,NA,NA,NA,17.1,NA,NA,NA,NA,22.2,NA,NA,NA,NA,32,NA,NA,NA,NA,56,NA,NA,NA,NA,69.8,NA,NA,NA,NA,80.1,NA,NA,NA,NA,73.2,NA,NA,NA,NA,127.4,NA,NA,NA,NA,100.1,NA,NA,NA,NA,185.1
nor,biomass,705.7,NA,NA,NA,NA,788,NA,NA,NA,NA,879.8,NA,NA,NA,NA,982.4,NA,NA,NA,NA,1061,NA,NA,NA,NA,1237.4,NA,NA,NA,NA,1224.6,NA,NA,NA,NA,1124,NA,NA,NA,NA,1060.9,NA,NA,NA,NA,895.5,NA,NA,NA,NA,753.6,NA,NA,NA,NA,556.6,NA,NA,NA,NA,435.5,NA,NA,NA,NA,424.1,NA,NA,NA,NA,229.4,NA,NA,NA,NA,164.3,NA,NA,NA,NA,122.9,NA,NA,NA,NA,78.4,NA,NA,NA,NA,81.7,NA,NA,NA,NA,39.9,NA,NA,NA,NA,75.5,NA,NA,NA,NA,92.3,NA,NA,NA,NA,105.5,NA,NA,NA,NA,148.3,NA,NA,NA,NA,195.6,NA,NA,NA,NA,386.3,NA,NA,NA,NA,558.3,NA,NA,NA,NA,964.8,NA,NA,NA,NA,1159,NA,NA,NA,NA,1268.2,NA,NA,NA,NA,1784
npl,biomass,13.4,NA,NA,NA,NA,13.6,NA,NA,NA,NA,13.9,NA,NA,NA,NA,14.1,NA,NA,NA,NA,14.4,NA,NA,NA,NA,15.3,NA,NA,NA,NA,16.1,NA,NA,NA,NA,17.1,NA,NA,NA,NA,18.1,NA,NA,NA,NA,19.1,NA,NA,NA,NA,20.3,NA,NA,NA,NA,21.5,NA,NA,NA,NA,22.7,NA,NA,NA,NA,24,NA,NA,NA,NA,25.3,NA,NA,NA,NA,26.4,NA,NA,NA,NA,27.1,NA,NA,NA,NA,27.5,NA,NA,NA,NA,27.6,NA,NA,NA,NA,27.7,NA,NA,NA,NA,27.8,NA,NA,NA,NA,31.5,NA,NA,NA,NA,35.5,NA,NA,NA,NA,32.1,NA,NA,NA,NA,49.2,NA,NA,NA,NA,51.2,NA,NA,NA,NA,81.9,NA,NA,NA,NA,91,NA,NA,NA,NA,103.2,NA,NA,NA,NA,115.3,NA,NA,NA,NA,136.6
nzl,biomass,18.5,NA,NA,NA,NA,31.2,NA,NA,NA,NA,52.5,NA,NA,NA,NA,92.3,NA,NA,NA,NA,162.2,NA,NA,NA,NA,269.3,NA,NA,NA,NA,348.4,NA,NA,NA,NA,369.6,NA,NA,NA,NA,366.8,NA,NA,NA,NA,322,NA,NA,NA,NA,321.8,NA,NA,NA,NA,303.6,NA,NA,NA,NA,269.2,NA,NA,NA,NA,205,NA,NA,NA,NA,176.9,NA,NA,NA,NA,144,NA,NA,NA,NA,121.2,NA,NA,NA,NA,103.1,NA,NA,NA,NA,140.7,NA,NA,NA,NA,151.4,NA,NA,NA,NA,182.7,NA,NA,NA,NA,231.4,NA,NA,NA,NA,278.6,NA,NA,NA,NA,312.8,NA,NA,NA,NA,368.3,NA,NA,NA,NA,691.8,NA,NA,NA,NA,980,NA,NA,NA,NA,955.7,NA,NA,NA,NA,1171.1,NA,NA,NA,NA,1204.5,NA,NA,NA,NA,1656.6
pak,biomass,NA,NA,NA,NA,NA,NA,NA,NA,NA,NA,NA,NA,NA,NA,NA,NA,NA,NA,NA,NA,NA,NA,NA,NA,NA,NA,NA,NA,NA,NA,NA,NA,NA,NA,NA,NA,NA,NA,NA,NA,NA,NA,NA,NA,NA,NA,NA,NA,NA,NA,NA,NA,NA,NA,NA,NA,NA,NA,NA,NA,NA,NA,NA,NA,NA,NA,NA,NA,NA,NA,NA,NA,NA,NA,NA,NA,NA,NA,NA,NA,NA,NA,NA,NA,NA,NA,NA,NA,NA,NA,NA,NA,NA,NA,NA,NA,NA,NA,NA,NA,629.5,NA,NA,NA,NA,1355,NA,NA,NA,NA,1930.1,NA,NA,NA,NA,2704.1,NA,NA,NA,NA,5358.8,NA,NA,NA,NA,4871,NA,NA,NA,NA,3372.9,NA,NA,NA,NA,4756,NA,NA,NA,NA,6224.1,NA,NA,NA,NA,9068.1,NA,NA,NA,NA,9889.6
pan,biomass,0.9,NA,NA,NA,NA,1.1,NA,NA,NA,NA,1.5,NA,NA,NA,NA,2,NA,NA,NA,NA,2.6,NA,NA,NA,NA,3.5,NA,NA,NA,NA,4.6,NA,NA,NA,NA,6.1,NA,NA,NA,NA,8.1,NA,NA,NA,NA,10.8,NA,NA,NA,NA,14.5,NA,NA,NA,NA,22,NA,NA,NA,NA,29.7,NA,NA,NA,NA,64.5,NA,NA,NA,NA,105.3,NA,NA,NA,NA,138.1,NA,NA,NA,NA,163.1,NA,NA,NA,NA,164.8,NA,NA,NA,NA,180.2,NA,NA,NA,NA,195.1,NA,NA,NA,NA,190.7,NA,NA,NA,NA,179.9,NA,NA,NA,NA,145.1,NA,NA,NA,NA,155.7,NA,NA,NA,NA,451.8,NA,NA,NA,NA,751.5,NA,NA,NA,NA,467.2,NA,NA,NA,NA,408.3,NA,NA,NA,NA,273.6,NA,NA,NA,NA,218.9,NA,NA,NA,NA,307.3
per,biomass,31.4,NA,NA,NA,NA,41.6,NA,NA,NA,NA,55.1,NA,NA,NA,NA,73,NA,NA,NA,NA,96.8,NA,NA,NA,NA,128.3,NA,NA,NA,NA,170,NA,NA,NA,NA,225.3,NA,NA,NA,NA,298.7,NA,NA,NA,NA,398.5,NA,NA,NA,NA,531.6,NA,NA,NA,NA,606.2,NA,NA,NA,NA,704.2,NA,NA,NA,NA,741,NA,NA,NA,NA,1066.3,NA,NA,NA,NA,984.2,NA,NA,NA,NA,1263.5,NA,NA,NA,NA,1643.4,NA,NA,NA,NA,1750.2,NA,NA,NA,NA,1901.2,NA,NA,NA,NA,1893.6,NA,NA,NA,NA,1994,NA,NA,NA,NA,1798.2,NA,NA,NA,NA,1850.3,NA,NA,NA,NA,3542.3,NA,NA,NA,NA,3475.6,NA,NA,NA,NA,2120.2,NA,NA,NA,NA,2273.2,NA,NA,NA,NA,404.4,NA,NA,NA,NA,103.8,NA,NA,NA,NA,27.3
phl,biomass,579.2,NA,NA,NA,NA,636.3,NA,NA,NA,NA,699.2,NA,NA,NA,NA,768.2,NA,NA,NA,NA,844.1,NA,NA,NA,NA,885.1,NA,NA,NA,NA,928,NA,NA,NA,NA,973,NA,NA,NA,NA,1020.2,NA,NA,NA,NA,1069.6,NA,NA,NA,NA,1121.5,NA,NA,NA,NA,1284.5,NA,NA,NA,NA,1715.3,NA,NA,NA,NA,1937.2,NA,NA,NA,NA,2970.4,NA,NA,NA,NA,3592.2,NA,NA,NA,NA,4169.7,NA,NA,NA,NA,3858.2,NA,NA,NA,NA,5175.8,NA,NA,NA,NA,2583.9,NA,NA,NA,NA,3997.5,NA,NA,NA,NA,5751.7,NA,NA,NA,NA,8740.9,NA,NA,NA,NA,10060.9,NA,NA,NA,NA,18607.3,NA,NA,NA,NA,22997.2,NA,NA,NA,NA,13095.3,NA,NA,NA,NA,10001.2,NA,NA,NA,NA,10951.3,NA,NA,NA,NA,17428.9,NA,NA,NA,NA,19512
pol,biomass,1503.6,NA,NA,NA,NA,1672.3,NA,NA,NA,NA,1860,NA,NA,NA,NA,2034.9,NA,NA,NA,NA,2116.7,NA,NA,NA,NA,2189.8,NA,NA,NA,NA,2152,NA,NA,NA,NA,2009.2,NA,NA,NA,NA,1782.5,NA,NA,NA,NA,1469.3,NA,NA,NA,NA,1152.2,NA,NA,NA,NA,823,NA,NA,NA,NA,561.5,NA,NA,NA,NA,359.1,NA,NA,NA,NA,247.3,NA,NA,NA,NA,138.9,NA,NA,NA,NA,111.1,NA,NA,NA,NA,52,NA,NA,NA,NA,53.3,NA,NA,NA,NA,39,NA,NA,NA,NA,29.5,NA,NA,NA,NA,69.5,NA,NA,NA,NA,108.7,NA,NA,NA,NA,219.1,NA,NA,NA,NA,219.2,NA,NA,NA,NA,351.9,NA,NA,NA,NA,385.3,NA,NA,NA,NA,433.9,NA,NA,NA,NA,521.8,NA,NA,NA,NA,1486.7,NA,NA,NA,NA,1893.2
pri,biomass,85,NA,NA,NA,NA,76.7,NA,NA,NA,NA,88.3,NA,NA,NA,NA,91.7,NA,NA,NA,NA,148.3,NA,NA,NA,NA,123.3,NA,NA,NA,NA,168.3,NA,NA,NA,NA,148.3,NA,NA,NA,NA,96.7,NA,NA,NA,NA,100,NA,NA,NA,NA,123.3,NA,NA,NA,NA,325,NA,NA,NA,NA,528.3,NA,NA,NA,NA,731.7,NA,NA,NA,NA,743.3,NA,NA,NA,NA,911.7,NA,NA,NA,NA,1185,NA,NA,NA,NA,1400,NA,NA,NA,NA,1408.3,NA,NA,NA,NA,1375,NA,NA,NA,NA,1871.7,NA,NA,NA,NA,1745,NA,NA,NA,NA,1678.3,NA,NA,NA,NA,1335,NA,NA,NA,NA,1812,NA,NA,NA,NA,1349.7,NA,NA,NA,NA,263.3,NA,NA,NA,NA,163.3,NA,NA,NA,NA,103.3,NA,NA,NA,NA,77.4,NA,NA,NA,NA,34.6
prt,biomass,526.8,NA,NA,NA,NA,531,NA,NA,NA,NA,536.6,NA,NA,NA,NA,559.8,NA,NA,NA,NA,630.7,NA,NA,NA,NA,639.4,NA,NA,NA,NA,652.8,NA,NA,NA,NA,757,NA,NA,NA,NA,847.8,NA,NA,NA,NA,870.2,NA,NA,NA,NA,1038.8,NA,NA,NA,NA,1001.3,NA,NA,NA,NA,1002.9,NA,NA,NA,NA,971,NA,NA,NA,NA,919.6,NA,NA,NA,NA,1052.6,NA,NA,NA,NA,1087,NA,NA,NA,NA,1070.6,NA,NA,NA,NA,942,NA,NA,NA,NA,929,NA,NA,NA,NA,944.8,NA,NA,NA,NA,963.2,NA,NA,NA,NA,1119.4,NA,NA,NA,NA,1089.4,NA,NA,NA,NA,1081.3,NA,NA,NA,NA,965.7,NA,NA,NA,NA,928.4,NA,NA,NA,NA,1383.5,NA,NA,NA,NA,3571,NA,NA,NA,NA,3792.5,NA,NA,NA,NA,3835
pry,biomass,7.5,NA,NA,NA,NA,9.9,NA,NA,NA,NA,13.1,NA,NA,NA,NA,17.4,NA,NA,NA,NA,23,NA,NA,NA,NA,30.5,NA,NA,NA,NA,40.5,NA,NA,NA,NA,53.6,NA,NA,NA,NA,71.1,NA,NA,NA,NA,94.8,NA,NA,NA,NA,126.5,NA,NA,NA,NA,192.7,NA,NA,NA,NA,255.6,NA,NA,NA,NA,256.1,NA,NA,NA,NA,301,NA,NA,NA,NA,393.6,NA,NA,NA,NA,458.8,NA,NA,NA,NA,468.7,NA,NA,NA,NA,476.7,NA,NA,NA,NA,491.4,NA,NA,NA,NA,520.5,NA,NA,NA,NA,530.3,NA,NA,NA,NA,568,NA,NA,NA,NA,700.9,NA,NA,NA,NA,1018.3,NA,NA,NA,NA,1060.3,NA,NA,NA,NA,1589.1,NA,NA,NA,NA,1688.4,NA,NA,NA,NA,2408.3,NA,NA,NA,NA,3433.1,NA,NA,NA,NA,3249.7
reu,biomass,NA,NA,NA,NA,NA,NA,NA,NA,NA,NA,NA,NA,NA,NA,NA,NA,NA,NA,NA,NA,NA,NA,NA,NA,NA,NA,NA,NA,NA,NA,NA,NA,NA,NA,NA,NA,NA,NA,NA,NA,NA,NA,NA,NA,NA,NA,NA,NA,NA,NA,NA,NA,NA,NA,NA,NA,NA,NA,NA,NA,NA,NA,NA,NA,NA,NA,NA,NA,NA,NA,NA,NA,NA,NA,NA,NA,NA,NA,NA,NA,NA,NA,NA,NA,NA,NA,NA,NA,NA,NA,NA,NA,NA,NA,NA,NA,NA,NA,NA,NA,NA,NA,NA,NA,NA,NA,NA,NA,NA,NA,NA,NA,NA,NA,NA,NA,NA,NA,NA,NA,688,NA,NA,NA,NA,737,NA,NA,NA,NA,NA,NA,NA,NA,NA,NA,NA,NA,NA,NA,NA,NA,NA,NA,NA,NA,NA,NA,NA,NA,NA
rou,biomass,1607.5,NA,NA,NA,NA,1714.9,NA,NA,NA,NA,1829.6,NA,NA,NA,NA,1951.9,NA,NA,NA,NA,2099.5,NA,NA,NA,NA,2328.2,NA,NA,NA,NA,2581.9,NA,NA,NA,NA,2863.2,NA,NA,NA,NA,3175.2,NA,NA,NA,NA,3484.5,NA,NA,NA,NA,3823.8,NA,NA,NA,NA,4301.6,NA,NA,NA,NA,4839.1,NA,NA,NA,NA,5149.4,NA,NA,NA,NA,4347,NA,NA,NA,NA,2541.8,NA,NA,NA,NA,1666.1,NA,NA,NA,NA,601.1,NA,NA,NA,NA,129.7,NA,NA,NA,NA,23.5,NA,NA,NA,NA,10.9,NA,NA,NA,NA,14.9,NA,NA,NA,NA,21.9,NA,NA,NA,NA,42.1,NA,NA,NA,NA,72.8,NA,NA,NA,NA,102.1,NA,NA,NA,NA,171.2,NA,NA,NA,NA,127,NA,NA,NA,NA,113.7,NA,NA,NA,NA,679.6,NA,NA,NA,NA,791.9
rus,biomass,NA,NA,NA,NA,NA,NA,NA,NA,NA,NA,NA,NA,NA,NA,NA,NA,NA,NA,NA,NA,NA,NA,NA,NA,NA,NA,NA,NA,NA,NA,NA,NA,NA,NA,NA,NA,NA,NA,NA,NA,NA,NA,NA,NA,NA,NA,NA,NA,NA,NA,NA,NA,NA,NA,NA,NA,NA,NA,NA,NA,NA,NA,NA,NA,NA,NA,NA,NA,NA,NA,NA,NA,NA,NA,NA,NA,NA,NA,NA,NA,NA,NA,NA,NA,NA,NA,NA,NA,NA,NA,NA,NA,NA,NA,NA,NA,NA,NA,NA,NA,NA,NA,NA,NA,NA,NA,NA,NA,NA,NA,NA,NA,NA,NA,NA,NA,NA,NA,NA,NA,NA,NA,NA,NA,NA,NA,NA,NA,NA,NA,NA,NA,NA,NA,NA,NA,NA,NA,NA,NA,769.3,NA,NA,NA,NA,921.8,NA,NA,NA,NA,492.8
rwa,biomass,NA,NA,NA,NA,NA,NA,NA,NA,NA,NA,NA,NA,NA,NA,NA,NA,NA,NA,NA,NA,NA,NA,NA,NA,NA,NA,NA,NA,NA,NA,NA,NA,NA,NA,NA,NA,NA,NA,NA,NA,NA,NA,NA,NA,NA,NA,NA,NA,NA,NA,NA,NA,NA,NA,NA,NA,NA,NA,NA,NA,NA,NA,NA,NA,NA,NA,NA,NA,NA,NA,NA,NA,NA,NA,NA,NA,NA,NA,NA,NA,NA,NA,NA,NA,NA,NA,NA,NA,NA,NA,NA,NA,NA,NA,NA,NA,NA,NA,NA,NA,NA,NA,NA,NA,NA,NA,NA,NA,NA,NA,NA,NA,NA,NA,NA,NA,NA,NA,NA,NA,NA,NA,NA,NA,NA,3,NA,NA,NA,NA,NA,NA,NA,NA,NA,NA,NA,NA,NA,NA,NA,NA,NA,NA,NA,NA,NA,NA,NA,NA,NA
sdn,biomass,201,NA,NA,NA,NA,218,NA,NA,NA,NA,237,NA,NA,NA,NA,258,NA,NA,NA,NA,280,NA,NA,NA,NA,310,NA,NA,NA,NA,343,NA,NA,NA,NA,380,NA,NA,NA,NA,421,NA,NA,NA,NA,466,NA,NA,NA,NA,515,NA,NA,NA,NA,570,NA,NA,NA,NA,631,NA,NA,NA,NA,692,NA,NA,NA,NA,747,NA,NA,NA,NA,799,NA,NA,NA,NA,841,NA,NA,NA,NA,874,NA,NA,NA,NA,900,NA,NA,NA,NA,907,NA,NA,NA,NA,885,NA,NA,NA,NA,1004,NA,NA,NA,NA,1176,NA,NA,NA,NA,1198,NA,NA,NA,NA,1444,NA,NA,NA,NA,1811,NA,NA,NA,NA,1641.8,NA,NA,NA,NA,1711.2,NA,NA,NA,NA,1825.5,NA,NA,NA,NA,2154,NA,NA,NA,NA,2914.1
sen,biomass,NA,NA,NA,NA,NA,NA,NA,NA,NA,NA,NA,NA,NA,NA,NA,NA,NA,NA,NA,NA,NA,NA,NA,NA,NA,NA,NA,NA,NA,NA,NA,NA,NA,NA,NA,NA,NA,NA,NA,NA,NA,NA,NA,NA,NA,NA,NA,NA,NA,NA,NA,NA,NA,NA,NA,NA,NA,NA,NA,NA,NA,NA,NA,NA,NA,NA,NA,NA,NA,NA,NA,NA,NA,NA,NA,NA,NA,NA,NA,NA,NA,NA,NA,NA,NA,NA,NA,NA,NA,NA,NA,NA,NA,NA,NA,NA,NA,NA,NA,NA,NA,NA,NA,NA,NA,NA,NA,NA,NA,NA,211,NA,NA,NA,NA,276,NA,NA,NA,NA,289,NA,NA,NA,NA,298,NA,NA,NA,NA,432,NA,NA,NA,NA,333,NA,NA,NA,NA,198,NA,NA,NA,NA,470,NA,NA,NA,NA,531
slv,biomass,3.2,NA,NA,NA,NA,4.2,NA,NA,NA,NA,5.6,NA,NA,NA,NA,7.4,NA,NA,NA,NA,9.9,NA,NA,NA,NA,13.1,NA,NA,NA,NA,17.3,NA,NA,NA,NA,22.9,NA,NA,NA,NA,30.4,NA,NA,NA,NA,40.6,NA,NA,NA,NA,54.1,NA,NA,NA,NA,82.5,NA,NA,NA,NA,109.4,NA,NA,NA,NA,109.6,NA,NA,NA,NA,128.8,NA,NA,NA,NA,140.8,NA,NA,NA,NA,171.8,NA,NA,NA,NA,171.5,NA,NA,NA,NA,189.8,NA,NA,NA,NA,159.7,NA,NA,NA,NA,164.7,NA,NA,NA,NA,161.5,NA,NA,NA,NA,173.6,NA,NA,NA,NA,326.1,NA,NA,NA,NA,843.2,NA,NA,NA,NA,1513,NA,NA,NA,NA,586.6,NA,NA,NA,NA,499.1,NA,NA,NA,NA,976.3,NA,NA,NA,NA,906.2,NA,NA,NA,NA,621.7
som,biomass,NA,NA,NA,NA,NA,NA,NA,NA,NA,NA,NA,NA,NA,NA,NA,NA,NA,NA,NA,NA,NA,NA,NA,NA,NA,NA,NA,NA,NA,NA,NA,NA,NA,NA,NA,NA,NA,NA,NA,NA,NA,NA,NA,NA,NA,NA,NA,NA,NA,NA,NA,NA,NA,NA,NA,NA,NA,NA,NA,NA,NA,NA,NA,NA,NA,NA,NA,NA,NA,NA,NA,NA,NA,NA,NA,NA,NA,NA,NA,NA,NA,NA,NA,NA,NA,NA,NA,NA,NA,NA,NA,NA,NA,NA,NA,NA,NA,NA,NA,NA,NA,NA,NA,NA,NA,NA,NA,NA,NA,NA,NA,NA,NA,NA,NA,NA,NA,NA,NA,NA,163,NA,NA,NA,NA,137,NA,NA,NA,NA,NA,NA,NA,NA,NA,NA,NA,NA,NA,NA,NA,NA,NA,NA,NA,NA,NA,NA,NA,NA,NA
sur,biomass,NA,NA,NA,NA,NA,NA,NA,NA,NA,NA,NA,NA,NA,NA,NA,NA,NA,NA,NA,NA,NA,NA,NA,NA,NA,NA,NA,NA,NA,NA,NA,NA,NA,NA,NA,NA,NA,NA,NA,NA,NA,NA,NA,NA,NA,NA,NA,NA,NA,NA,NA,NA,NA,NA,NA,NA,NA,NA,NA,NA,NA,NA,NA,NA,NA,NA,NA,NA,NA,NA,NA,NA,NA,NA,NA,NA,NA,NA,NA,NA,NA,NA,NA,NA,NA,NA,NA,NA,NA,NA,NA,NA,NA,NA,NA,NA,NA,NA,NA,NA,NA,NA,NA,NA,NA,NA,NA,NA,NA,NA,NA,NA,NA,NA,NA,NA,NA,NA,NA,NA,42,NA,NA,NA,NA,36,NA,NA,NA,NA,NA,NA,NA,NA,NA,NA,NA,NA,NA,NA,NA,NA,NA,NA,NA,NA,NA,NA,NA,NA,NA
svk,biomass,NA,NA,NA,NA,NA,NA,NA,NA,NA,NA,NA,NA,NA,NA,NA,NA,NA,NA,NA,NA,NA,NA,NA,NA,NA,NA,NA,NA,NA,NA,NA,NA,NA,NA,NA,NA,NA,NA,NA,NA,NA,NA,NA,NA,NA,NA,NA,NA,NA,NA,NA,NA,NA,NA,NA,NA,NA,NA,NA,NA,NA,NA,NA,NA,NA,NA,NA,NA,NA,NA,NA,NA,NA,NA,NA,NA,NA,NA,NA,NA,NA,NA,NA,NA,NA,NA,NA,NA,NA,NA,NA,NA,NA,NA,NA,NA,NA,NA,NA,NA,NA,NA,NA,NA,NA,NA,NA,NA,NA,NA,NA,NA,NA,NA,NA,NA,NA,NA,NA,NA,NA,NA,NA,NA,NA,NA,NA,NA,NA,NA,NA,NA,NA,NA,NA,NA,NA,NA,NA,NA,NA,NA,NA,NA,NA,446.6,NA,NA,NA,NA,645.4
svn,biomass,NA,NA,NA,NA,NA,NA,NA,NA,NA,NA,NA,NA,NA,NA,NA,NA,NA,NA,NA,NA,NA,NA,NA,NA,NA,NA,NA,NA,NA,NA,NA,NA,NA,NA,NA,NA,NA,NA,NA,NA,NA,NA,NA,NA,NA,NA,NA,NA,NA,NA,NA,NA,NA,NA,NA,NA,NA,NA,NA,NA,NA,NA,NA,NA,NA,NA,NA,NA,NA,NA,NA,NA,NA,NA,NA,NA,NA,NA,NA,NA,NA,NA,NA,NA,NA,NA,NA,NA,NA,NA,NA,NA,NA,NA,NA,NA,NA,NA,NA,NA,NA,NA,NA,NA,NA,NA,NA,NA,NA,NA,NA,NA,NA,NA,NA,NA,NA,NA,NA,NA,NA,NA,NA,NA,NA,NA,NA,NA,NA,NA,NA,NA,NA,NA,NA,NA,NA,NA,NA,NA,NA,NA,NA,NA,NA,185.1,NA,NA,NA,NA,109.2
swe,biomass,1612.2,NA,NA,NA,NA,2025.1,NA,NA,NA,NA,2581.4,NA,NA,NA,NA,2790,NA,NA,NA,NA,3440.7,NA,NA,NA,NA,4286,NA,NA,NA,NA,4245.6,NA,NA,NA,NA,4829.9,NA,NA,NA,NA,4321,NA,NA,NA,NA,4221.3,NA,NA,NA,NA,3929.8,NA,NA,NA,NA,3270.5,NA,NA,NA,NA,2966.9,NA,NA,NA,NA,2730.8,NA,NA,NA,NA,2377.9,NA,NA,NA,NA,2680.9,NA,NA,NA,NA,3004.4,NA,NA,NA,NA,2625.7,NA,NA,NA,NA,2798.8,NA,NA,NA,NA,2920.2,NA,NA,NA,NA,2966.3,NA,NA,NA,NA,4625.6,NA,NA,NA,NA,5777.5,NA,NA,NA,NA,6560.1,NA,NA,NA,NA,8618.2,NA,NA,NA,NA,9771.4,NA,NA,NA,NA,9168.7,NA,NA,NA,NA,10558.3,NA,NA,NA,NA,11128.7,NA,NA,NA,NA,12509.2,NA,NA,NA,NA,14660.3
swz,biomass,NA,NA,NA,NA,NA,NA,NA,NA,NA,NA,NA,NA,NA,NA,NA,NA,NA,NA,NA,NA,NA,NA,NA,NA,NA,NA,NA,NA,NA,NA,NA,NA,NA,NA,NA,NA,NA,NA,NA,NA,NA,NA,NA,NA,NA,NA,NA,NA,NA,NA,NA,NA,NA,NA,NA,NA,NA,NA,NA,NA,NA,NA,NA,NA,NA,NA,NA,NA,NA,NA,NA,NA,NA,NA,NA,NA,NA,NA,NA,NA,NA,NA,NA,NA,NA,NA,NA,NA,NA,NA,NA,NA,NA,NA,NA,NA,NA,NA,NA,NA,NA,NA,NA,NA,NA,NA,NA,NA,NA,NA,NA,NA,NA,NA,NA,NA,NA,NA,NA,NA,587,NA,NA,NA,NA,730,NA,NA,NA,NA,NA,NA,NA,NA,NA,NA,NA,NA,NA,NA,NA,NA,NA,NA,NA,NA,NA,NA,NA,NA,NA
tha,biomass,892.5,NA,NA,NA,NA,920.7,NA,NA,NA,NA,949.7,NA,NA,NA,NA,979.7,NA,NA,NA,NA,1010.6,NA,NA,NA,NA,1073.2,NA,NA,NA,NA,1139.6,NA,NA,NA,NA,1210.2,NA,NA,NA,NA,1285.1,NA,NA,NA,NA,1382,NA,NA,NA,NA,1486.1,NA,NA,NA,NA,1598.1,NA,NA,NA,NA,1718.5,NA,NA,NA,NA,1856.7,NA,NA,NA,NA,2020.2,NA,NA,NA,NA,2178.7,NA,NA,NA,NA,2338.5,NA,NA,NA,NA,2596.6,NA,NA,NA,NA,2829.4,NA,NA,NA,NA,3026.9,NA,NA,NA,NA,3247.9,NA,NA,NA,NA,4227,NA,NA,NA,NA,5489.5,NA,NA,NA,NA,4557.5,NA,NA,NA,NA,6630.2,NA,NA,NA,NA,7897.2,NA,NA,NA,NA,5167.7,NA,NA,NA,NA,9429.4,NA,NA,NA,NA,11301,NA,NA,NA,NA,15736.7,NA,NA,NA,NA,16690.3
tto,biomass,31.7,NA,NA,NA,NA,35,NA,NA,NA,NA,45,NA,NA,NA,NA,46.7,NA,NA,NA,NA,70,NA,NA,NA,NA,46.7,NA,NA,NA,NA,96.7,NA,NA,NA,NA,111.7,NA,NA,NA,NA,100,NA,NA,NA,NA,95,NA,NA,NA,NA,78.3,NA,NA,NA,NA,65,NA,NA,NA,NA,88.3,NA,NA,NA,NA,100,NA,NA,NA,NA,98.3,NA,NA,NA,NA,118.3,NA,NA,NA,NA,135,NA,NA,NA,NA,200,NA,NA,NA,NA,156.7,NA,NA,NA,NA,130,NA,NA,NA,NA,248.3,NA,NA,NA,NA,326.7,NA,NA,NA,NA,368.3,NA,NA,NA,NA,428.3,NA,NA,NA,NA,1092.3,NA,NA,NA,NA,809.3,NA,NA,NA,NA,190,NA,NA,NA,NA,135,NA,NA,NA,NA,196.7,NA,NA,NA,NA,200.9,NA,NA,NA,NA,231.9
twn,biomass,NA,NA,NA,NA,NA,NA,NA,NA,NA,NA,NA,NA,NA,NA,NA,NA,NA,NA,NA,NA,NA,NA,NA,NA,NA,NA,NA,NA,NA,NA,NA,NA,NA,NA,NA,NA,NA,NA,NA,NA,NA,NA,NA,NA,NA,NA,NA,NA,NA,NA,58.3,NA,NA,NA,NA,126.7,NA,NA,NA,NA,450,NA,NA,NA,NA,535,NA,NA,NA,NA,401.7,NA,NA,NA,NA,833.3,NA,NA,NA,NA,1328.3,NA,NA,NA,NA,1503.3,NA,NA,NA,NA,1361.7,NA,NA,NA,NA,143.3,NA,NA,NA,NA,593.3,NA,NA,NA,NA,1358.3,NA,NA,NA,NA,1616.7,NA,NA,NA,NA,1741.7,NA,NA,NA,NA,3691.3,NA,NA,NA,NA,4198,NA,NA,NA,NA,1635,NA,NA,NA,NA,1451.7,NA,NA,NA,NA,930,NA,NA,NA,NA,761.7,NA,NA,NA,NA,761.7
tza,biomass,NA,NA,NA,NA,NA,NA,NA,NA,NA,NA,NA,NA,NA,NA,NA,NA,NA,NA,NA,NA,NA,NA,NA,NA,NA,NA,NA,NA,NA,NA,NA,NA,NA,NA,NA,NA,NA,NA,NA,NA,NA,NA,NA,NA,NA,NA,NA,NA,NA,NA,NA,NA,NA,NA,NA,NA,NA,NA,NA,NA,NA,NA,NA,NA,NA,NA,NA,NA,NA,NA,NA,NA,NA,NA,NA,NA,NA,NA,NA,NA,NA,NA,NA,NA,NA,NA,NA,NA,NA,NA,NA,NA,NA,NA,NA,NA,NA,NA,NA,NA,NA,NA,NA,NA,NA,NA,NA,NA,NA,NA,NA,NA,NA,NA,NA,NA,NA,NA,NA,NA,1744,NA,NA,NA,NA,2103,NA,NA,NA,NA,1997,NA,NA,NA,NA,2031,NA,NA,NA,NA,2459,NA,NA,NA,NA,2646,NA,NA,NA,NA,3201
uga,biomass,NA,NA,NA,NA,NA,NA,NA,NA,NA,NA,NA,NA,NA,NA,NA,NA,NA,NA,NA,NA,NA,NA,NA,NA,NA,NA,NA,NA,NA,NA,NA,NA,NA,NA,NA,NA,NA,NA,NA,NA,NA,NA,NA,NA,NA,NA,NA,NA,NA,NA,NA,NA,NA,NA,NA,NA,NA,NA,NA,NA,NA,NA,NA,NA,NA,NA,NA,NA,NA,NA,NA,NA,NA,NA,NA,NA,NA,NA,NA,NA,NA,NA,NA,NA,NA,NA,NA,NA,NA,NA,NA,NA,NA,NA,NA,NA,NA,NA,NA,NA,NA,NA,NA,NA,NA,NA,NA,NA,NA,NA,NA,NA,NA,NA,NA,NA,NA,NA,NA,NA,502,NA,NA,NA,NA,88,NA,NA,NA,NA,NA,NA,NA,NA,NA,NA,NA,NA,NA,NA,NA,NA,NA,NA,NA,NA,NA,NA,NA,NA,NA
ury,biomass,35.9,NA,NA,NA,NA,47.6,NA,NA,NA,NA,63.1,NA,NA,NA,NA,83.7,NA,NA,NA,NA,110.9,NA,NA,NA,NA,114.9,NA,NA,NA,NA,143.2,NA,NA,NA,NA,214.8,NA,NA,NA,NA,218.4,NA,NA,NA,NA,301.6,NA,NA,NA,NA,301,NA,NA,NA,NA,343.7,NA,NA,NA,NA,502.6,NA,NA,NA,NA,456.4,NA,NA,NA,NA,543.6,NA,NA,NA,NA,718.7,NA,NA,NA,NA,1055.8,NA,NA,NA,NA,860.1,NA,NA,NA,NA,946.6,NA,NA,NA,NA,981.4,NA,NA,NA,NA,1189.7,NA,NA,NA,NA,520,NA,NA,NA,NA,178.5,NA,NA,NA,NA,158,NA,NA,NA,NA,210.8,NA,NA,NA,NA,323.9,NA,NA,NA,NA,350.8,NA,NA,NA,NA,556.6,NA,NA,NA,NA,677.5,NA,NA,NA,NA,586.7,NA,NA,NA,NA,329.7
usa,biomass,7683,NA,NA,NA,NA,8585,NA,NA,NA,NA,9490,NA,NA,NA,NA,9943,NA,NA,NA,NA,10396,NA,NA,NA,NA,10320,NA,NA,NA,NA,10620,NA,NA,NA,NA,11962,NA,NA,NA,NA,13421,NA,NA,NA,NA,14730,NA,NA,NA,NA,15406,NA,NA,NA,NA,15847,NA,NA,NA,NA,17069,NA,NA,NA,NA,18359,NA,NA,NA,NA,19694,NA,NA,NA,NA,21090,NA,NA,NA,NA,22512,NA,NA,NA,NA,24310,NA,NA,NA,NA,26577,NA,NA,NA,NA,26452,NA,NA,NA,NA,29397,NA,NA,NA,NA,34466,NA,NA,NA,NA,35851.3,NA,NA,NA,NA,45083.5,NA,NA,NA,NA,53730.3,NA,NA,NA,NA,56069.4,NA,NA,NA,NA,84372.8,NA,NA,NA,NA,86745.7,NA,NA,NA,NA,76036.3,NA,NA,NA,NA,87119,NA,NA,NA,NA,86267.3
ussr,biomass,127.5,NA,NA,NA,NA,138.1,NA,NA,NA,NA,149.7,NA,NA,NA,NA,131.4,NA,NA,NA,NA,190.1,NA,NA,NA,NA,224.7,NA,NA,NA,NA,311.1,NA,NA,NA,NA,380.3,NA,NA,NA,NA,501.3,NA,NA,NA,NA,691.4,NA,NA,NA,NA,1037.1,NA,NA,NA,NA,1192.6,NA,NA,NA,NA,1330.9,NA,NA,NA,NA,1846.1,NA,NA,NA,NA,2965.7,NA,NA,NA,NA,7004.5,NA,NA,NA,NA,21805.9,NA,NA,NA,NA,37511.3,NA,NA,NA,NA,61899.3,NA,NA,NA,NA,31874.2,NA,NA,NA,NA,25193.1,NA,NA,NA,NA,26474.2,NA,NA,NA,NA,21112.4,NA,NA,NA,NA,14256.9,NA,NA,NA,NA,9131.3,NA,NA,NA,NA,5387.2,NA,NA,NA,NA,3554.9,NA,NA,NA,NA,2234.7,NA,NA,NA,NA,NA,NA,NA,NA,NA,NA,NA,NA,NA,NA,NA
ven,biomass,21.4,NA,NA,NA,NA,28.4,NA,NA,NA,NA,37.7,NA,NA,NA,NA,49.9,NA,NA,NA,NA,66.2,NA,NA,NA,NA,75.6,NA,NA,NA,NA,86.3,NA,NA,NA,NA,98.5,NA,NA,NA,NA,112.5,NA,NA,NA,NA,128.5,NA,NA,NA,NA,146.8,NA,NA,NA,NA,163.7,NA,NA,NA,NA,174.7,NA,NA,NA,NA,201,NA,NA,NA,NA,246.7,NA,NA,NA,NA,451.7,NA,NA,NA,NA,772.4,NA,NA,NA,NA,720.6,NA,NA,NA,NA,955.3,NA,NA,NA,NA,1239.2,NA,NA,NA,NA,1908.7,NA,NA,NA,NA,2833.9,NA,NA,NA,NA,2914.9,NA,NA,NA,NA,2084.6,NA,NA,NA,NA,2820.5,NA,NA,NA,NA,2971,NA,NA,NA,NA,926.9,NA,NA,NA,NA,1284.8,NA,NA,NA,NA,1405.5,NA,NA,NA,NA,1427.1,NA,NA,NA,NA,1427.1
vnm,biomass,NA,NA,NA,NA,NA,NA,NA,NA,NA,NA,NA,NA,NA,NA,NA,NA,NA,NA,NA,NA,NA,NA,NA,NA,NA,NA,NA,NA,NA,NA,NA,NA,NA,NA,NA,NA,NA,NA,NA,NA,NA,NA,NA,NA,NA,NA,NA,NA,NA,NA,NA,NA,NA,NA,NA,NA,NA,NA,NA,NA,NA,NA,NA,NA,NA,NA,NA,NA,NA,NA,NA,NA,NA,NA,NA,NA,NA,NA,NA,NA,NA,NA,NA,NA,NA,NA,NA,NA,NA,NA,NA,NA,NA,NA,NA,NA,NA,NA,NA,NA,NA,NA,NA,NA,NA,NA,NA,NA,NA,NA,140,NA,NA,NA,NA,168.3,NA,NA,NA,NA,211.7,NA,NA,NA,NA,76.7,NA,NA,NA,NA,291.7,NA,NA,NA,NA,783.3,NA,NA,NA,NA,637.9,NA,NA,NA,NA,885.6,NA,NA,NA,NA,1229.5
yug,biomass,502.5,NA,NA,NA,NA,536.1,NA,NA,NA,NA,571.9,NA,NA,NA,NA,610.2,NA,NA,NA,NA,656.3,NA,NA,NA,NA,744.1,NA,NA,NA,NA,843.7,NA,NA,NA,NA,956.6,NA,NA,NA,NA,1084.6,NA,NA,NA,NA,1204.7,NA,NA,NA,NA,1338.2,NA,NA,NA,NA,1565.5,NA,NA,NA,NA,1831.5,NA,NA,NA,NA,1746.1,NA,NA,NA,NA,1146.8,NA,NA,NA,NA,745.7,NA,NA,NA,NA,334.1,NA,NA,NA,NA,87.1,NA,NA,NA,NA,29.3,NA,NA,NA,NA,8.4,NA,NA,NA,NA,10.4,NA,NA,NA,NA,12.3,NA,NA,NA,NA,19.9,NA,NA,NA,NA,32.3,NA,NA,NA,NA,42,NA,NA,NA,NA,55.8,NA,NA,NA,NA,59.6,NA,NA,NA,NA,68.9,NA,NA,NA,NA,56,NA,NA,NA,NA,NA,NA,NA,NA,NA,NA
zaf,biomass,102,NA,NA,NA,NA,116,NA,NA,NA,NA,131,NA,NA,NA,NA,148,NA,NA,NA,NA,167,NA,NA,NA,NA,199,NA,NA,NA,NA,237,NA,NA,NA,NA,282,NA,NA,NA,NA,336,NA,NA,NA,NA,401,NA,NA,NA,NA,477,NA,NA,NA,NA,545,NA,NA,NA,NA,588,NA,NA,NA,NA,596,NA,NA,NA,NA,645,NA,NA,NA,NA,858,NA,NA,NA,NA,878,NA,NA,NA,NA,886,NA,NA,NA,NA,1042,NA,NA,NA,NA,932,NA,NA,NA,NA,694,NA,NA,NA,NA,1177,NA,NA,NA,NA,1225,NA,NA,NA,NA,1725,NA,NA,NA,NA,7687,NA,NA,NA,NA,9678,NA,NA,NA,NA,3116,NA,NA,NA,NA,3477,NA,NA,NA,NA,4202,NA,NA,NA,NA,4636,NA,NA,NA,NA,4721
zmb,biomass,NA,NA,NA,NA,NA,NA,NA,NA,NA,NA,NA,NA,NA,NA,NA,NA,NA,NA,NA,NA,NA,NA,NA,NA,NA,NA,NA,NA,NA,NA,NA,NA,NA,NA,NA,NA,NA,NA,NA,NA,NA,NA,NA,NA,NA,NA,NA,NA,NA,NA,NA,NA,NA,NA,NA,NA,NA,NA,NA,NA,NA,NA,NA,NA,NA,NA,NA,NA,NA,NA,NA,NA,NA,NA,NA,NA,NA,NA,NA,NA,NA,NA,NA,NA,NA,NA,NA,NA,NA,NA,NA,NA,NA,NA,NA,NA,NA,NA,NA,NA,NA,NA,NA,NA,NA,NA,NA,NA,NA,NA,NA,NA,NA,NA,NA,1347,NA,NA,NA,NA,1420,NA,NA,NA,NA,1694,NA,NA,NA,NA,1071.7,NA,NA,NA,NA,1000.8,NA,NA,NA,NA,872,NA,NA,NA,NA,1534.1,NA,NA,NA,NA,1725.3
zwe,biomass,NA,NA,NA,NA,NA,NA,NA,NA,NA,NA,NA,NA,NA,NA,NA,NA,NA,NA,NA,NA,NA,NA,NA,NA,NA,NA,NA,NA,NA,NA,NA,NA,NA,NA,NA,NA,NA,NA,NA,NA,NA,NA,NA,NA,NA,NA,NA,NA,NA,NA,NA,NA,NA,NA,NA,NA,NA,NA,NA,NA,NA,NA,NA,NA,NA,NA,NA,NA,NA,NA,NA,NA,NA,NA,NA,NA,NA,NA,NA,NA,NA,NA,NA,NA,NA,NA,NA,NA,NA,NA,NA,NA,NA,NA,NA,NA,NA,NA,NA,NA,NA,NA,NA,NA,NA,NA,NA,NA,NA,NA,NA,NA,NA,NA,NA,234,NA,NA,NA,NA,701,NA,NA,NA,NA,1283,NA,NA,NA,NA,363,NA,NA,NA,NA,361,NA,NA,NA,NA,462,NA,NA,NA,NA,291,NA,NA,NA,NA,316
